0,-7.29,12.5,-7.421
0,-7.29,12.5,-16.098
0,-7.29,12.5,-26.436
0,-7.29,12.5,-32.879
0,-7.29,12.5,-39.627
0,-7.29,12.5,-42.812
0,-7.29,12.5,-47.169
0,-7.29,12.5,-59.232
0,-7.29,12.5,-66.772
0,-7.29,12.5,-111.235
100,-1.59,2.37,-7.161
100,-1.59,2.37,-11.917
100,-1.59,2.37,-19.909
100,-1.59,2.37,-23.461
100,-1.59,2.37,-26.99
100,-1.59,2.37,-29.901
100,-1.59,2.37,-33.666
100,-1.59,2.37,-41.184
100,-1.59,2.37,-44.868
100,-1.59,2.37,-71.421
200,-0.151,0.291,-5.57
200,-0.151,0.291,-10.734
200,-0.151,0.291,-17.356
200,-0.151,0.291,-19.663
200,-0.151,0.291,-23.865
200,-0.151,0.291,-25.511
200,-0.151,0.291,-28.836
200,-0.151,0.291,-35.84
200,-0.151,0.291,-38.493
200,-0.151,0.291,-63.937
300,-1.53,0.978,-5.413
300,-1.53,0.978,-10.386
300,-1.53,0.978,-16.449
300,-1.53,0.978,-18.632
300,-1.53,0.978,-22.389
300,-1.53,0.978,-24.1
300,-1.53,0.978,-27.383
300,-1.53,0.978,-34.495
300,-1.53,0.978,-37.088
300,-1.53,0.978,-61.551
400,0.857,0.461,-5.611
400,0.857,0.461,-10.041
400,0.857,0.461,-15.797
400,0.857,0.461,-18.253
400,0.857,0.461,-21.675
400,0.857,0.461,-23.991
400,0.857,0.461,-26.826
400,0.857,0.461,-34.186
400,0.857,0.461,-35.52
400,0.857,0.461,-61.243
500,0.171,0.163,-5.388
500,0.171,0.163,-9.842
500,0.171,0.163,-15.415
500,0.171,0.163,-17.53
500,0.171,0.163,-20.792
500,0.171,0.163,-23.57
500,0.171,0.163,-25.874
500,0.171,0.163,-32.728
500,0.171,0.163,-34.98
500,0.171,0.163,-59.245
600,-0.176,0.159,-5.242
600,-0.176,0.159,-9.817
600,-0.176,0.159,-15.399
0,-7.29,12.5,-7.273
0,-7.29,12.5,-15.776
0,-7.29,12.5,-25.907
0,-7.29,12.5,-32.221
0,-7.29,12.5,-38.834
0,-7.29,12.5,-41.956
0,-7.29,12.5,-46.226
0,-7.29,12.5,-58.047
0,-7.29,12.5,-65.437
0,-7.29,12.5,-109.01
100,-1.59,2.37,-7.018
100,-1.59,2.37,-11.679
100,-1.59,2.37,-19.511
100,-1.59,2.37,-22.992
100,-1.59,2.37,-26.45
100,-1.59,2.37,-29.303
100,-1.59,2.37,-32.993
100,-1.59,2.37,-40.36
100,-1.59,2.37,-43.971
100,-1.59,2.37,-69.993
200,-0.151,0.291,-5.459
200,-0.151,0.291,-10.519
200,-0.151,0.291,-17.009
200,-0.151,0.291,-19.27
200,-0.151,0.291,-23.388
200,-0.151,0.291,-25.001
200,-0.151,0.291,-28.259
200,-0.151,0.291,-35.123
200,-0.151,0.291,-37.723
200,-0.151,0.291,-62.658
300,-1.53,0.978,-5.305
300,-1.53,0.978,-10.178
300,-1.53,0.978,-16.12
300,-1.53,0.978,-18.259
300,-1.53,0.978,-21.941
300,-1.53,0.978,-23.618
300,-1.53,0.978,-26.835
300,-1.53,0.978,-33.805
300,-1.53,0.978,-36.346
300,-1.53,0.978,-60.32
400,0.857,0.461,-5.499
400,0.857,0.461,-9.84
400,0.857,0.461,-15.481
400,0.857,0.461,-17.888
400,0.857,0.461,-21.242
400,0.857,0.461,-23.511
400,0.857,0.461,-26.289
400,0.857,0.461,-33.502
400,0.857,0.461,-34.81
400,0.857,0.461,-60.018
500,0.171,0.163,-5.388
500,0.171,0.163,-9.842
500,0.171,0.163,-15.415
500,0.171,0.163,-17.53
500,0.171,0.163,-20.792
500,0.171,0.163,-23.57
500,0.171,0.163,-25.874
500,0.171,0.163,-32.728
500,0.171,0.163,-34.98
500,0.171,0.163,-59.245
600,-0.176,0.159,-5.242
600,-0.176,0.159,-9.817
600,-0.176,0.159,-15.399
600,-0.176,0.159,-17.728
600,-0.176,0.159,-20.245
600,-0.176,0.159,-22.984
600,-0.176,0.159,-25.607
600,-0.176,0.159,-32.743
600,-0.176,0.159,-34.602
600,-0.176,0.159,-59.374
700,0.151,0.13,-5.201
700,0.151,0.13,-9.596
700,0.151,0.13,-15.101
700,0.151,0.13,-17.108
700,0.151,0.13,-20.054
700,0.151,0.13,-22.926
700,0.151,0.13,-25.395
700,0.151,0.13,-32.622
700,0.151,0.13,-34.759
700,0.151,0.13,-58.949
800,-0.0409,0.203,-5.223
800,-0.0409,0.203,-9.572
800,-0.0409,0.203,-14.777
800,-0.0409,0.203,-17.359
800,-0.0409,0.203,-20.273
800,-0.0409,0.203,-22.76
800,-0.0409,0.203,-25.064
800,-0.0409,0.203,-33.279
800,-0.0409,0.203,-34.242
800,-0.0409,0.203,-58.963
900,0.0222,0.197,-5.14
900,0.0222,0.197,-9.613
900,0.0222,0.197,-15.164
900,0.0222,0.197,-16.781
900,0.0222,0.197,-20.219
900,0.0222,0.197,-22.47
900,0.0222,0.197,-25.065
900,0.0222,0.197,-32.895
900,0.0222,0.197,-34.257
900,0.0222,0.197,-59.138
1000,0.0139,0.0992,-5.306
1000,0.0139,0.0992,-9.165
1000,0.0139,0.0992,-14.767
1000,0.0139,0.0992,-16.871
1000,0.0139,0.0992,-20.262
1000,0.0139,0.0992,-22.825
1000,0.0139,0.0992,-25.432
1000,0.0139,0.0992,-32.435
1000,0.0139,0.0992,-34.137
1000,0.0139,0.0992,-58.941
1100,0.061,0.108,-5.218
1100,0.061,0.108,-9.368
1100,0.061,0.108,-14.857
1100,0.061,0.108,-17.143
1100,0.061,0.108,-20.077
1100,0.061,0.108,-22.718
1100,0.061,0.108,-24.797
1100,0.061,0.108,-32.679
1100,0.061,0.108,-34.097
1100,0.061,0.108,-59.112
1200,-0.121,0.265,-5.095
1200,-0.121,0.265,-9.375
1200,-0.121,0.265,-14.788
1200,-0.121,0.265,-17.112
1200,-0.121,0.265,-19.789
1200,-0.121,0.265,-22.56
1200,-0.121,0.265,-25.043
1200,-0.121,0.265,-32.325
1200,-0.121,0.265,-33.823
1200,-0.121,0.265,-58.788
1300,0.0163,0.155,-5.053
1300,0.0163,0.155,-9.315
1300,0.0163,0.155,-14.734
1300,0.0163,0.155,-16.714
1300,0.0163,0.155,-19.894
1300,0.0163,0.155,-22.718
1300,0.0163,0.155,-24.757
1300,0.0163,0.155,-32.745
1300,0.0163,0.155,-34.12
1300,0.0163,0.155,-59.002
1400,-0.15,0.128,-5.243
1400,-0.15,0.128,-9.315
1400,-0.15,0.128,-14.743
1400,-0.15,0.128,-16.847
1400,-0.15,0.128,-19.831
1400,-0.15,0.128,-22.733
1400,-0.15,0.128,-25.258
1400,-0.15,0.128,-32.559
1400,-0.15,0.128,-34.476
1400,-0.15,0.128,-58.975
1500,0.0059,0.0908,-5.063
1500,0.0059,0.0908,-9.5
1500,0.0059,0.0908,-14.872
1500,0.0059,0.0908,-16.989
1500,0.0059,0.0908,-20.034
1500,0.0059,0.0908,-22.503
1500,0.0059,0.0908,-24.834
1500,0.0059,0.0908,-32.567
1500,0.0059,0.0908,-33.793
1500,0.0059,0.0908,-58.787
1600,-0.262,0.255,-5.044
1600,-0.262,0.255,-9.443
1600,-0.262,0.255,-14.588
1600,-0.262,0.255,-16.88
1600,-0.262,0.255,-19.587
1600,-0.262,0.255,-22.258
1600,-0.262,0.255,-24.808
1600,-0.262,0.255,-32.569
1600,-0.262,0.255,-34.004
1600,-0.262,0.255,-58.579
1700,-0.0999,0.109,-5.059
1700,-0.0999,0.109,-9.462
1700,-0.0999,0.109,-15.375
1700,-0.0999,0.109,-17.361
1700,-0.0999,0.109,-20.668
1700,-0.0999,0.109,-22.842
1700,-0.0999,0.109,-25.384
1700,-0.0999,0.109,-32.519
1700,-0.0999,0.109,-34.711
1700,-0.0999,0.109,-59.063
1800,0.0487,0.0916,-5.09
1800,0.0487,0.0916,-9.401
1800,0.0487,0.0916,-14.818
1800,0.0487,0.0916,-16.905
1800,0.0487,0.0916,-20.44
1800,0.0487,0.0916,-22.213
1800,0.0487,0.0916,-24.904
1800,0.0487,0.0916,-32.74
1800,0.0487,0.0916,-33.978
1800,0.0487,0.0916,-58.628
1900,0.00922,0.105,-5.069
1900,0.00922,0.105,-9.351
1900,0.00922,0.105,-14.735
1900,0.00922,0.105,-16.933
1900,0.00922,0.105,-19.822
1900,0.00922,0.105,-22.672
1900,0.00922,0.105,-24.768
1900,0.00922,0.105,-32.727
1900,0.00922,0.105,-34.122
1900,0.00922,0.105,-59.13
2000,0.0375,0.172,-5.021
2000,0.0375,0.172,-9.459
2000,0.0375,0.172,-14.568
2000,0.0375,0.172,-16.886
2000,0.0375,0.172,-19.904
2000,0.0375,0.172,-22.271
2000,0.0375,0.172,-24.91
2000,0.0375,0.172,-32.849
2000,0.0375,0.172,-34.201
2000,0.0375,0.172,-58.494
2100,-0.142,0.207,-4.965
2100,-0.142,0.207,-9.352
2100,-0.142,0.207,-14.747
2100,-0.142,0.207,-16.852
2100,-0.142,0.207,-19.619
2100,-0.142,0.207,-22.156
2100,-0.142,0.207,-24.743
2100,-0.142,0.207,-32.302
2100,-0.142,0.207,-34.051
2100,-0.142,0.207,-59.006
2200,0.0775,0.141,-5.028
2200,0.0775,0.141,-9.38
2200,0.0775,0.141,-14.774
2200,0.0775,0.141,-17.148
2200,0.0775,0.141,-20.142
2200,0.0775,0.141,-22.45
2200,0.0775,0.141,-24.543
2200,0.0775,0.141,-32.414
2200,0.0775,0.141,-33.879
2200,0.0775,0.141,-59.106
2300,-0.00776,0.0874,-5.093
2300,-0.00776,0.0874,-9.323
2300,-0.00776,0.0874,-14.92
2300,-0.00776,0.0874,-17.137
2300,-0.00776,0.0874,-19.628
2300,-0.00776,0.0874,-22.497
2300,-0.00776,0.0874,-24.821
2300,-0.00776,0.0874,-32.694
2300,-0.00776,0.0874,-34.028
2300,-0.00776,0.0874,-58.524
2400,-0.0884,0.224,-5.089
2400,-0.0884,0.224,-9.208
2400,-0.0884,0.224,-14.401
2400,-0.0884,0.224,-16.997
2400,-0.0884,0.224,-19.963
2400,-0.0884,0.224,-22.451
2400,-0.0884,0.224,-25.117
2400,-0.0884,0.224,-32.552
2400,-0.0884,0.224,-34.092
2400,-0.0884,0.224,-58.948
2500,0.0407,0.0838,-5.051
2500,0.0407,0.0838,-9.166
2500,0.0407,0.0838,-14.622
2500,0.0407,0.0838,-17.261
2500,0.0407,0.0838,-19.971
2500,0.0407,0.0838,-22.32
2500,0.0407,0.0838,-24.716
2500,0.0407,0.0838,-33.052
2500,0.0407,0.0838,-34.072
2500,0.0407,0.0838,-58.733
2600,0.0717,0.153,-5.154
2600,0.0717,0.153,-9.179
2600,0.0717,0.153,-14.512
2600,0.0717,0.153,-16.913
2600,0.0717,0.153,-19.731
2600,0.0717,0.153,-22.403
2600,0.0717,0.153,-25.079
2600,0.0717,0.153,-32.46
2600,0.0717,0.153,-33.928
2600,0.0717,0.153,-59.128
2700,-0.107,0.164,-5.212
2700,-0.107,0.164,-9.283
2700,-0.107,0.164,-14.504
2700,-0.107,0.164,-17.013
2700,-0.107,0.164,-20.259
2700,-0.107,0.164,-22.704
2700,-0.107,0.164,-24.845
2700,-0.107,0.164,-32.656
2700,-0.107,0.164,-33.866
2700,-0.107,0.164,-58.573
2800,0.0127,0.0893,-5.122
2800,0.0127,0.0893,-9.32
2800,0.0127,0.0893,-14.954
2800,0.0127,0.0893,-17.008
2800,0.0127,0.0893,-19.721
2800,0.0127,0.0893,-22.467
2800,0.0127,0.0893,-25.071
2800,0.0127,0.0893,-32.452
2800,0.0127,0.0893,-33.673
2800,0.0127,0.0893,-59.3
2900,-0.0196,0.136,-5.003
2900,-0.0196,0.136,-9.211
2900,-0.0196,0.136,-14.461
2900,-0.0196,0.136,-16.752
2900,-0.0196,0.136,-19.914
2900,-0.0196,0.136,-22.164
2900,-0.0196,0.136,-24.727
2900,-0.0196,0.136,-32.336
2900,-0.0196,0.136,-34.069
2900,-0.0196,0.136,-58.635
3000,0.369,0.339,-5.138
3000,0.369,0.339,-9.131
3000,0.369,0.339,-14.466
3000,0.369,0.339,-17.314
3000,0.369,0.339,-19.482
3000,0.369,0.339,-22.295
3000,0.369,0.339,-24.815
3000,0.369,0.339,-32.646
3000,0.369,0.339,-33.896
3000,0.369,0.339,-59.034
3100,0.00189,0.159,-5.071
3100,0.00189,0.159,-9.41
3100,0.00189,0.159,-14.79
3100,0.00189,0.159,-17.059
3100,0.00189,0.159,-19.659
3100,0.00189,0.159,-22.408
3100,0.00189,0.159,-24.862
3100,0.00189,0.159,-32.734
3100,0.00189,0.159,-33.981
3100,0.00189,0.159,-58.983
3200,0.0233,0.0825,-5.01
3200,0.0233,0.0825,-9.622
3200,0.0233,0.0825,-15.057
3200,0.0233,0.0825,-17.415
3200,0.0233,0.0825,-19.901
3200,0.0233,0.0825,-22.503
3200,0.0233,0.0825,-24.883
3200,0.0233,0.0825,-32.539
3200,0.0233,0.0825,-33.826
3200,0.0233,0.0825,-58.732
3300,0.0176,0.165,-5.082
3300,0.0176,0.165,-9.369
3300,0.0176,0.165,-14.62
3300,0.0176,0.165,-17.271
3300,0.0176,0.165,-19.909
3300,0.0176,0.165,-22.646
3300,0.0176,0.165,-24.807
3300,0.0176,0.165,-32.486
3300,0.0176,0.165,-34.027
3300,0.0176,0.165,-58.743
3400,-0.0479,0.155,-4.957
3400,-0.0479,0.155,-9.325
3400,-0.0479,0.155,-14.674
3400,-0.0479,0.155,-17.01
3400,-0.0479,0.155,-19.725
3400,-0.0479,0.155,-22.629
3400,-0.0479,0.155,-25.002
3400,-0.0479,0.155,-32.538
3400,-0.0479,0.155,-33.849
3400,-0.0479,0.155,-58.884
3500,0.107,0.13,-5.073
3500,0.107,0.13,-9.49
3500,0.107,0.13,-14.626
3500,0.107,0.13,-17.293
3500,0.107,0.13,-19.751
3500,0.107,0.13,-22.449
3500,0.107,0.13,-24.825
3500,0.107,0.13,-32.46
3500,0.107,0.13,-33.981
3500,0.107,0.13,-59.073
3600,-0.0885,0.154,-4.985
3600,-0.0885,0.154,-9.5
3600,-0.0885,0.154,-14.441
3600,-0.0885,0.154,-17.143
3600,-0.0885,0.154,-19.685
3600,-0.0885,0.154,-22.446
3600,-0.0885,0.154,-25.082
3600,-0.0885,0.154,-32.814
3600,-0.0885,0.154,-33.946
3600,-0.0885,0.154,-58.985
3700,-0.0491,0.141,-5.072
3700,-0.0491,0.141,-9.389
3700,-0.0491,0.141,-14.556
3700,-0.0491,0.141,-16.819
3700,-0.0491,0.141,-19.891
3700,-0.0491,0.141,-22.439
3700,-0.0491,0.141,-24.74
3700,-0.0491,0.141,-32.432
3700,-0.0491,0.141,-33.954
3700,-0.0491,0.141,-58.773
3800,-0.00903,0.0804,-5.086
3800,-0.00903,0.0804,-9.331
3800,-0.00903,0.0804,-14.817
3800,-0.00903,0.0804,-17.204
3800,-0.00903,0.0804,-20.323
3800,-0.00903,0.0804,-22.879
3800,-0.00903,0.0804,-25.12
3800,-0.00903,0.0804,-32.613
3800,-0.00903,0.0804,-34.13
3800,-0.00903,0.0804,-59.499
3900,0.222,0.305,-5.062
3900,0.222,0.305,-9.281
3900,0.222,0.305,-14.681
3900,0.222,0.305,-17.174
3900,0.222,0.305,-19.607
3900,0.222,0.305,-22.342
3900,0.222,0.305,-25.13
3900,0.222,0.305,-32.471
3900,0.222,0.305,-34.005
3900,0.222,0.305,-58.991
4000,-0.207,0.175,-5.054
4000,-0.207,0.175,-9.321
4000,-0.207,0.175,-14.453
4000,-0.207,0.175,-16.907
4000,-0.207,0.175,-20.138
4000,-0.207,0.175,-22.411
4000,-0.207,0.175,-25.25
4000,-0.207,0.175,-32.4
4000,-0.207,0.175,-34.077
4000,-0.207,0.175,-58.787
4100,-0.0498,0.155,-5.041
4100,-0.0498,0.155,-9.107
4100,-0.0498,0.155,-14.432
4100,-0.0498,0.155,-16.815
4100,-0.0498,0.155,-19.548
4100,-0.0498,0.155,-22.322
4100,-0.0498,0.155,-24.775
4100,-0.0498,0.155,-32.806
4100,-0.0498,0.155,-34.061
4100,-0.0498,0.155,-58.533
4200,0.00847,0.0864,-4.923
4200,0.00847,0.0864,-9.206
4200,0.00847,0.0864,-14.618
4200,0.00847,0.0864,-16.926
4200,0.00847,0.0864,-19.491
4200,0.00847,0.0864,-22.51
4200,0.00847,0.0864,-24.693
4200,0.00847,0.0864,-32.362
4200,0.00847,0.0864,-34.438
4200,0.00847,0.0864,-58.784
4300,-0.0513,0.164,-5.132
4300,-0.0513,0.164,-9.36
4300,-0.0513,0.164,-14.621
4300,-0.0513,0.164,-17.008
4300,-0.0513,0.164,-20.164
4300,-0.0513,0.164,-22.518
4300,-0.0513,0.164,-24.657
4300,-0.0513,0.164,-32.729
4300,-0.0513,0.164,-33.787
4300,-0.0513,0.164,-59.051
4400,-0.0141,0.0903,-5.117
4400,-0.0141,0.0903,-9.322
4400,-0.0141,0.0903,-14.552
4400,-0.0141,0.0903,-16.795
4400,-0.0141,0.0903,-19.825
4400,-0.0141,0.0903,-22.405
4400,-0.0141,0.0903,-24.526
4400,-0.0141,0.0903,-32.366
4400,-0.0141,0.0903,-33.738
4400,-0.0141,0.0903,-59.352
4500,0.0263,0.149,-5.044
4500,0.0263,0.149,-9.306
4500,0.0263,0.149,-14.746
4500,0.0263,0.149,-16.794
4500,0.0263,0.149,-20.227
4500,0.0263,0.149,-22.398
4500,0.0263,0.149,-24.624
4500,0.0263,0.149,-32.65
4500,0.0263,0.149,-33.937
4500,0.0263,0.149,-58.725
4600,-0.00303,0.158,-5.065
4600,-0.00303,0.158,-9.358
4600,-0.00303,0.158,-14.802
4600,-0.00303,0.158,-16.847
4600,-0.00303,0.158,-19.545
4600,-0.00303,0.158,-22.483
4600,-0.00303,0.158,-24.828
4600,-0.00303,0.158,-32.659
4600,-0.00303,0.158,-33.65
4600,-0.00303,0.158,-58.449
4700,0.0567,0.147,-5.098
4700,0.0567,0.147,-9.418
4700,0.0567,0.147,-14.734
4700,0.0567,0.147,-16.829
4700,0.0567,0.147,-19.576
4700,0.0567,0.147,-22.231
4700,0.0567,0.147,-24.94
4700,0.0567,0.147,-32.315
4700,0.0567,0.147,-33.741
4700,0.0567,0.147,-58.793
4800,-0.0167,0.0849,-4.965
4800,-0.0167,0.0849,-9.313
4800,-0.0167,0.0849,-14.547
4800,-0.0167,0.0849,-16.841
4800,-0.0167,0.0849,-19.699
4800,-0.0167,0.0849,-22.427
4800,-0.0167,0.0849,-24.598
4800,-0.0167,0.0849,-32.583
4800,-0.0167,0.0849,-34.048
4800,-0.0167,0.0849,-58.836
4900,-0.0792,0.132,-4.984
4900,-0.0792,0.132,-9.307
4900,-0.0792,0.132,-14.684
4900,-0.0792,0.132,-16.472
4900,-0.0792,0.132,-19.71
4900,-0.0792,0.132,-22.4
4900,-0.0792,0.132,-24.619
4900,-0.0792,0.132,-32.41
4900,-0.0792,0.132,-33.932
4900,-0.0792,0.132,-58.778
5000,-0.0323,0.236,-5.109
5000,-0.0323,0.236,-9.471
5000,-0.0323,0.236,-14.296
5000,-0.0323,0.236,-16.699
5000,-0.0323,0.236,-19.696
5000,-0.0323,0.236,-22.135
5000,-0.0323,0.236,-24.796
5000,-0.0323,0.236,-32.617
5000,-0.0323,0.236,-33.897
5000,-0.0323,0.236,-58.858
5100,0.0109,0.0844,-5.024
5100,0.0109,0.0844,-9.381
5100,0.0109,0.0844,-14.456
5100,0.0109,0.0844,-16.818
5100,0.0109,0.0844,-19.732
5100,0.0109,0.0844,-22.315
5100,0.0109,0.0844,-24.558
5100,0.0109,0.0844,-32.68
5100,0.0109,0.0844,-33.999
5100,0.0109,0.0844,-58.614
5200,0.416,0.447,-5.023
5200,0.416,0.447,-9.285
5200,0.416,0.447,-14.78
5200,0.416,0.447,-16.913
5200,0.416,0.447,-20.243
5200,0.416,0.447,-22.281
5200,0.416,0.447,-24.509
5200,0.416,0.447,-32.595
5200,0.416,0.447,-33.676
5200,0.416,0.447,-59.207
5300,0.00413,0.265,-5.013
5300,0.00413,0.265,-9.251
5300,0.00413,0.265,-14.613
5300,0.00413,0.265,-16.68
5300,0.00413,0.265,-19.733
5300,0.00413,0.265,-22.421
5300,0.00413,0.265,-24.738
5300,0.00413,0.265,-32.489
5300,0.00413,0.265,-33.759
5300,0.00413,0.265,-58.994
5400,0.0355,0.153,-5.054
5400,0.0355,0.153,-9.135
5400,0.0355,0.153,-14.769
5400,0.0355,0.153,-17.03
5400,0.0355,0.153,-20.193
5400,0.0355,0.153,-22.318
5400,0.0355,0.153,-25.202
5400,0.0355,0.153,-32.376
5400,0.0355,0.153,-34.16
5400,0.0355,0.153,-58.684
5500,-0.0105,0.0943,-5.047
5500,-0.0105,0.0943,-9.324
5500,-0.0105,0.0943,-14.491
5500,-0.0105,0.0943,-16.617
5500,-0.0105,0.0943,-19.666
5500,-0.0105,0.0943,-22.504
5500,-0.0105,0.0943,-24.765
5500,-0.0105,0.0943,-32.29
5500,-0.0105,0.0943,-33.626
5500,-0.0105,0.0943,-58.849
5600,-0.0852,0.231,-4.964
5600,-0.0852,0.231,-9.314
5600,-0.0852,0.231,-14.709
5600,-0.0852,0.231,-16.712
5600,-0.0852,0.231,-19.526
5600,-0.0852,0.231,-22.147
5600,-0.0852,0.231,-24.921
5600,-0.0852,0.231,-32.593
5600,-0.0852,0.231,-34.016
5600,-0.0852,0.231,-58.867
5700,0.0958,0.14,-5.121
5700,0.0958,0.14,-9.351
5700,0.0958,0.14,-14.78
5700,0.0958,0.14,-16.984
5700,0.0958,0.14,-19.821
5700,0.0958,0.14,-22.678
5700,0.0958,0.14,-24.947
5700,0.0958,0.14,-32.08
5700,0.0958,0.14,-34.153
5700,0.0958,0.14,-58.745
5800,0.0046,0.0913,-5.109
5800,0.0046,0.0913,-9.358
5800,0.0046,0.0913,-14.641
5800,0.0046,0.0913,-16.923
5800,0.0046,0.0913,-19.805
5800,0.0046,0.0913,-22.518
5800,0.0046,0.0913,-24.451
5800,0.0046,0.0913,-32.519
5800,0.0046,0.0913,-33.874
5800,0.0046,0.0913,-58.683
5900,0.000458,0.0851,-5.016
5900,0.000458,0.0851,-9.329
5900,0.000458,0.0851,-14.725
5900,0.000458,0.0851,-17.106
5900,0.000458,0.0851,-19.48
5900,0.000458,0.0851,-22.135
5900,0.000458,0.0851,-24.562
5900,0.000458,0.0851,-32.338
5900,0.000458,0.0851,-33.751
5900,0.000458,0.0851,-58.877
6000,0.108,0.152,-4.999
6000,0.108,0.152,-9.178
6000,0.108,0.152,-14.288
6000,0.108,0.152,-16.645
6000,0.108,0.152,-19.794
6000,0.108,0.152,-22.348
6000,0.108,0.152,-24.754
6000,0.108,0.152,-32.626
6000,0.108,0.152,-33.639
6000,0.108,0.152,-59.226
6100,0.075,0.217,-4.931
6100,0.075,0.217,-9.377
6100,0.075,0.217,-14.528
6100,0.075,0.217,-17.003
6100,0.075,0.217,-19.651
6100,0.075,0.217,-22.329
6100,0.075,0.217,-24.966
6100,0.075,0.217,-32.483
6100,0.075,0.217,-33.971
6100,0.075,0.217,-58.938
6200,-0.0115,0.132,-5.096
6200,-0.0115,0.132,-9.182
6200,-0.0115,0.132,-14.493
6200,-0.0115,0.132,-16.574
6200,-0.0115,0.132,-19.63
6200,-0.0115,0.132,-22.444
6200,-0.0115,0.132,-24.656
6200,-0.0115,0.132,-32.551
6200,-0.0115,0.132,-33.625
6200,-0.0115,0.132,-58.702
6300,0.00376,0.079,-4.962
6300,0.00376,0.079,-9.271
6300,0.00376,0.079,-14.396
6300,0.00376,0.079,-17.267
6300,0.00376,0.079,-19.613
6300,0.00376,0.079,-22.311
6300,0.00376,0.079,-24.509
6300,0.00376,0.079,-32.645
6300,0.00376,0.079,-33.811
6300,0.00376,0.079,-58.313
6400,0.0176,0.0873,-4.937
6400,0.0176,0.0873,-9.543
6400,0.0176,0.0873,-14.797
6400,0.0176,0.0873,-17.094
6400,0.0176,0.0873,-19.882
6400,0.0176,0.0873,-22.545
6400,0.0176,0.0873,-24.75
6400,0.0176,0.0873,-32.629
6400,0.0176,0.0873,-33.902
6400,0.0176,0.0873,-59.091
6500,0.0512,0.138,-4.946
6500,0.0512,0.138,-9.169
6500,0.0512,0.138,-14.287
6500,0.0512,0.138,-16.978
6500,0.0512,0.138,-19.87
6500,0.0512,0.138,-22.225
6500,0.0512,0.138,-24.969
6500,0.0512,0.138,-32.533
6500,0.0512,0.138,-33.962
6500,0.0512,0.138,-58.831
6600,-0.0241,0.0886,-5.051
6600,-0.0241,0.0886,-9.465
6600,-0.0241,0.0886,-14.733
6600,-0.0241,0.0886,-16.851
6600,-0.0241,0.0886,-19.426
6600,-0.0241,0.0886,-22.466
6600,-0.0241,0.0886,-24.403
6600,-0.0241,0.0886,-32.457
6600,-0.0241,0.0886,-34.069
6600,-0.0241,0.0886,-58.842
6700,0.0632,0.156,-4.959
6700,0.0632,0.156,-9.219
6700,0.0632,0.156,-14.59
6700,0.0632,0.156,-16.752
6700,0.0632,0.156,-20.175
6700,0.0632,0.156,-22.466
6700,0.0632,0.156,-24.86
6700,0.0632,0.156,-32.251
6700,0.0632,0.156,-34.257
6700,0.0632,0.156,-58.756
6800,-0.00125,0.0824,-5.028
6800,-0.00125,0.0824,-9.333
6800,-0.00125,0.0824,-14.589
6800,-0.00125,0.0824,-16.805
6800,-0.00125,0.0824,-19.682
6800,-0.00125,0.0824,-22.307
6800,-0.00125,0.0824,-24.542
6800,-0.00125,0.0824,-32.267
6800,-0.00125,0.0824,-33.988
6800,-0.00125,0.0824,-59.142
6900,0.000334,0.0765,-5.18
6900,0.000334,0.0765,-9.229
6900,0.000334,0.0765,-14.401
6900,0.000334,0.0765,-16.903
6900,0.000334,0.0765,-19.757
6900,0.000334,0.0765,-22.465
6900,0.000334,0.0765,-24.912
6900,0.000334,0.0765,-32.622
6900,0.000334,0.0765,-33.945
6900,0.000334,0.0765,-59.119
7000,0.0233,0.0781,-5.045
7000,0.0233,0.0781,-9.302
7000,0.0233,0.0781,-14.524
7000,0.0233,0.0781,-16.93
7000,0.0233,0.0781,-19.704
7000,0.0233,0.0781,-22.177
7000,0.0233,0.0781,-24.855
7000,0.0233,0.0781,-32.557
7000,0.0233,0.0781,-34.006
7000,0.0233,0.0781,-58.423
7100,0.0851,0.165,-5.025
7100,0.0851,0.165,-9.199
7100,0.0851,0.165,-14.526
7100,0.0851,0.165,-16.827
7100,0.0851,0.165,-19.82
7100,0.0851,0.165,-22.319
7100,0.0851,0.165,-24.661
7100,0.0851,0.165,-32.668
7100,0.0851,0.165,-33.909
7100,0.0851,0.165,-58.582
7200,-0.00508,0.0878,-4.889
7200,-0.00508,0.0878,-9.121
7200,-0.00508,0.0878,-14.542
7200,-0.00508,0.0878,-16.737
7200,-0.00508,0.0878,-19.516
7200,-0.00508,0.0878,-22.189
7200,-0.00508,0.0878,-24.758
7200,-0.00508,0.0878,-32.211
7200,-0.00508,0.0878,-34.212
7200,-0.00508,0.0878,-58.589
7300,0.0776,0.136,-5.121
7300,0.0776,0.136,-9.044
7300,0.0776,0.136,-14.338
7300,0.0776,0.136,-16.903
7300,0.0776,0.136,-19.824
7300,0.0776,0.136,-22.101
7300,0.0776,0.136,-24.545
7300,0.0776,0.136,-32.736
7300,0.0776,0.136,-33.871
7300,0.0776,0.136,-58.977
7400,-0.0449,0.0956,-5.006
7400,-0.0449,0.0956,-9.42
7400,-0.0449,0.0956,-14.641
7400,-0.0449,0.0956,-16.814
7400,-0.0449,0.0956,-19.778
7400,-0.0449,0.0956,-22.195
7400,-0.0449,0.0956,-24.431
7400,-0.0449,0.0956,-32.818
7400,-0.0449,0.0956,-34.196
7400,-0.0449,0.0956,-58.516
7500,-0.0134,0.181,-4.946
7500,-0.0134,0.181,-9.165
7500,-0.0134,0.181,-14.653
7500,-0.0134,0.181,-16.905
7500,-0.0134,0.181,-19.457
7500,-0.0134,0.181,-22.242
7500,-0.0134,0.181,-24.569
7500,-0.0134,0.181,-32.495
7500,-0.0134,0.181,-33.674
7500,-0.0134,0.181,-58.518
7600,0.0163,0.135,-5.052
7600,0.0163,0.135,-9.429
7600,0.0163,0.135,-14.29
7600,0.0163,0.135,-16.908
7600,0.0163,0.135,-19.399
7600,0.0163,0.135,-22.379
7600,0.0163,0.135,-24.664
7600,0.0163,0.135,-32.343
7600,0.0163,0.135,-33.953
7600,0.0163,0.135,-58.855
7700,-0.00369,0.0867,-4.921
7700,-0.00369,0.0867,-9.346
7700,-0.00369,0.0867,-15.169
7700,-0.00369,0.0867,-17.214
7700,-0.00369,0.0867,-19.874
7700,-0.00369,0.0867,-22.197
7700,-0.00369,0.0867,-24.893
7700,-0.00369,0.0867,-32.417
7700,-0.00369,0.0867,-33.951
7700,-0.00369,0.0867,-58.954
7800,0.017,0.0786,-5.105
7800,0.017,0.0786,-9.381
7800,0.017,0.0786,-14.563
7800,0.017,0.0786,-16.678
7800,0.017,0.0786,-19.628
7800,0.017,0.0786,-22.486
7800,0.017,0.0786,-24.348
7800,0.017,0.0786,-32.275
7800,0.017,0.0786,-33.699
7800,0.017,0.0786,-58.644
7900,-0.184,0.252,-5.024
7900,-0.184,0.252,-9.157
7900,-0.184,0.252,-14.651
7900,-0.184,0.252,-16.968
7900,-0.184,0.252,-19.389
7900,-0.184,0.252,-22.254
7900,-0.184,0.252,-24.613
7900,-0.184,0.252,-32.392
7900,-0.184,0.252,-33.49
7900,-0.184,0.252,-58.478
8000,-0.0823,0.172,-4.992
8000,-0.0823,0.172,-9.571
8000,-0.0823,0.172,-15.085
8000,-0.0823,0.172,-17.338
8000,-0.0823,0.172,-20.0
8000,-0.0823,0.172,-22.569
8000,-0.0823,0.172,-25.05
8000,-0.0823,0.172,-32.645
8000,-0.0823,0.172,-34.529
8000,-0.0823,0.172,-58.591
8100,0.107,0.18,-5.005
8100,0.107,0.18,-9.144
8100,0.107,0.18,-14.53
8100,0.107,0.18,-16.837
8100,0.107,0.18,-19.33
8100,0.107,0.18,-22.684
8100,0.107,0.18,-24.878
8100,0.107,0.18,-32.841
8100,0.107,0.18,-33.603
8100,0.107,0.18,-58.552
8200,0.00332,0.0749,-4.951
8200,0.00332,0.0749,-9.545
8200,0.00332,0.0749,-14.63
8200,0.00332,0.0749,-16.742
8200,0.00332,0.0749,-19.757
8200,0.00332,0.0749,-22.316
8200,0.00332,0.0749,-24.507
8200,0.00332,0.0749,-32.308
8200,0.00332,0.0749,-33.886
8200,0.00332,0.0749,-58.972
8300,0.0188,0.158,-5.102
8300,0.0188,0.158,-9.267
8300,0.0188,0.158,-14.533
8300,0.0188,0.158,-16.937
8300,0.0188,0.158,-20.016
8300,0.0188,0.158,-22.041
8300,0.0188,0.158,-25.112
8300,0.0188,0.158,-32.575
8300,0.0188,0.158,-34.089
8300,0.0188,0.158,-58.597
8400,0.0858,0.162,-4.982
8400,0.0858,0.162,-9.538
8400,0.0858,0.162,-14.38
8400,0.0858,0.162,-16.919
8400,0.0858,0.162,-19.787
8400,0.0858,0.162,-22.205
8400,0.0858,0.162,-24.619
8400,0.0858,0.162,-32.494
8400,0.0858,0.162,-33.887
8400,0.0858,0.162,-58.739
8500,-0.0114,0.148,-5.003
8500,-0.0114,0.148,-9.485
8500,-0.0114,0.148,-14.437
8500,-0.0114,0.148,-16.807
8500,-0.0114,0.148,-19.735
8500,-0.0114,0.148,-22.026
8500,-0.0114,0.148,-24.585
8500,-0.0114,0.148,-32.767
8500,-0.0114,0.148,-34.179
8500,-0.0114,0.148,-58.589
8600,0.00183,0.0803,-4.967
8600,0.00183,0.0803,-9.159
8600,0.00183,0.0803,-14.4
8600,0.00183,0.0803,-16.735
8600,0.00183,0.0803,-19.364
8600,0.00183,0.0803,-22.354
8600,0.00183,0.0803,-25.15
8600,0.00183,0.0803,-32.826
8600,0.00183,0.0803,-33.82
8600,0.00183,0.0803,-58.881
8700,-0.0651,0.143,-5.091
8700,-0.0651,0.143,-9.384
8700,-0.0651,0.143,-14.575
8700,-0.0651,0.143,-17.049
8700,-0.0651,0.143,-19.77
8700,-0.0651,0.143,-22.553
8700,-0.0651,0.143,-24.689
8700,-0.0651,0.143,-32.413
8700,-0.0651,0.143,-33.946
8700,-0.0651,0.143,-58.874
8800,-0.0686,0.163,-4.977
8800,-0.0686,0.163,-9.317
8800,-0.0686,0.163,-14.508
8800,-0.0686,0.163,-16.79
8800,-0.0686,0.163,-19.944
8800,-0.0686,0.163,-22.26
8800,-0.0686,0.163,-24.768
8800,-0.0686,0.163,-32.487
8800,-0.0686,0.163,-33.902
8800,-0.0686,0.163,-58.818
8900,0.0887,0.219,-5.029
8900,0.0887,0.219,-9.308
8900,0.0887,0.219,-14.5
8900,0.0887,0.219,-16.798
8900,0.0887,0.219,-19.346
8900,0.0887,0.219,-22.063
8900,0.0887,0.219,-24.811
8900,0.0887,0.219,-32.364
8900,0.0887,0.219,-33.56
8900,0.0887,0.219,-58.39
9000,-0.257,0.272,-4.993
9000,-0.257,0.272,-9.184
9000,-0.257,0.272,-14.575
9000,-0.257,0.272,-16.8
9000,-0.257,0.272,-19.577
9000,-0.257,0.272,-22.104
9000,-0.257,0.272,-24.424
9000,-0.257,0.272,-32.276
9000,-0.257,0.272,-33.697
9000,-0.257,0.272,-59.054
9100,-0.00905,0.075,-4.963
9100,-0.00905,0.075,-9.036
9100,-0.00905,0.075,-14.442
9100,-0.00905,0.075,-16.795
9100,-0.00905,0.075,-19.609
9100,-0.00905,0.075,-22.459
9100,-0.00905,0.075,-24.927
9100,-0.00905,0.075,-32.588
9100,-0.00905,0.075,-33.145
9100,-0.00905,0.075,-58.868
9200,-0.0258,0.15,-4.988
9200,-0.0258,0.15,-9.403
9200,-0.0258,0.15,-14.344
9200,-0.0258,0.15,-16.595
9200,-0.0258,0.15,-19.423
9200,-0.0258,0.15,-22.108
9200,-0.0258,0.15,-24.713
9200,-0.0258,0.15,-32.483
9200,-0.0258,0.15,-33.309
9200,-0.0258,0.15,-58.525
9300,0.0261,0.071,-5.086
9300,0.0261,0.071,-9.126
9300,0.0261,0.071,-14.427
9300,0.0261,0.071,-16.679
9300,0.0261,0.071,-19.915
9300,0.0261,0.071,-22.645
9300,0.0261,0.071,-24.811
9300,0.0261,0.071,-32.739
9300,0.0261,0.071,-33.683
9300,0.0261,0.071,-58.908
9400,-0.0167,0.0907,-4.999
9400,-0.0167,0.0907,-9.163
9400,-0.0167,0.0907,-14.599
9400,-0.0167,0.0907,-16.788
9400,-0.0167,0.0907,-19.652
9400,-0.0167,0.0907,-22.319
9400,-0.0167,0.0907,-24.423
9400,-0.0167,0.0907,-32.336
9400,-0.0167,0.0907,-34.007
9400,-0.0167,0.0907,-58.489
9500,-0.0473,0.145,-4.97
9500,-0.0473,0.145,-9.19
9500,-0.0473,0.145,-14.711
9500,-0.0473,0.145,-16.91
9500,-0.0473,0.145,-19.47
9500,-0.0473,0.145,-22.21
9500,-0.0473,0.145,-24.71
9500,-0.0473,0.145,-32.558
9500,-0.0473,0.145,-33.866
9500,-0.0473,0.145,-58.679
9600,-0.0636,0.129,-5.031
9600,-0.0636,0.129,-9.228
9600,-0.0636,0.129,-14.534
9600,-0.0636,0.129,-16.684
9600,-0.0636,0.129,-19.648
9600,-0.0636,0.129,-22.595
9600,-0.0636,0.129,-24.574
9600,-0.0636,0.129,-32.546
9600,-0.0636,0.129,-33.76
9600,-0.0636,0.129,-58.311
9700,-0.0837,0.133,-5.059
9700,-0.0837,0.133,-9.254
9700,-0.0837,0.133,-14.802
9700,-0.0837,0.133,-16.784
9700,-0.0837,0.133,-19.5
9700,-0.0837,0.133,-22.098
9700,-0.0837,0.133,-24.426
9700,-0.0837,0.133,-32.274
9700,-0.0837,0.133,-33.71
9700,-0.0837,0.133,-58.738
9800,0.138,0.151,-4.982
9800,0.138,0.151,-9.092
9800,0.138,0.151,-14.514
9800,0.138,0.151,-16.674
9800,0.138,0.151,-19.557
9800,0.138,0.151,-22.114
9800,0.138,0.151,-24.652
9800,0.138,0.151,-32.467
9800,0.138,0.151,-34.015
9800,0.138,0.151,-58.501
9900,0.00163,0.0731,-5.025
9900,0.00163,0.0731,-9.28
9900,0.00163,0.0731,-14.584
9900,0.00163,0.0731,-16.625
9900,0.00163,0.0731,-19.478
9900,0.00163,0.0731,-22.08
9900,0.00163,0.0731,-24.569
9900,0.00163,0.0731,-32.032
9900,0.00163,0.0731,-33.786
9900,0.00163,0.0731,-58.518
10000,-0.00266,0.128,-4.946
10000,-0.00266,0.128,-9.14
10000,-0.00266,0.128,-14.536
10000,-0.00266,0.128,-16.699
10000,-0.00266,0.128,-19.961
10000,-0.00266,0.128,-22.528
10000,-0.00266,0.128,-24.511
10000,-0.00266,0.128,-32.508
10000,-0.00266,0.128,-33.466
10000,-0.00266,0.128,-58.389
10100,-0.0467,0.209,-4.953
10100,-0.0467,0.209,-9.408
10100,-0.0467,0.209,-14.541
10100,-0.0467,0.209,-16.767
10100,-0.0467,0.209,-19.681
10100,-0.0467,0.209,-22.253
10100,-0.0467,0.209,-24.79
10100,-0.0467,0.209,-32.243
10100,-0.0467,0.209,-33.875
10100,-0.0467,0.209,-58.688
10200,0.0292,0.209,-4.958
10200,0.0292,0.209,-9.244
10200,0.0292,0.209,-14.489
10200,0.0292,0.209,-16.898
10200,0.0292,0.209,-19.655
10200,0.0292,0.209,-22.217
10200,0.0292,0.209,-24.67
10200,0.0292,0.209,-32.462
10200,0.0292,0.209,-33.673
10200,0.0292,0.209,-59.003
10300,0.00916,0.178,-4.952
10300,0.00916,0.178,-9.367
10300,0.00916,0.178,-14.523
10300,0.00916,0.178,-16.642
10300,0.00916,0.178,-19.454
10300,0.00916,0.178,-22.088
10300,0.00916,0.178,-24.622
10300,0.00916,0.178,-32.253
10300,0.00916,0.178,-33.598
10300,0.00916,0.178,-58.692
10400,0.00777,0.0838,-5.015
10400,0.00777,0.0838,-9.163
10400,0.00777,0.0838,-14.362
10400,0.00777,0.0838,-16.667
10400,0.00777,0.0838,-19.51
10400,0.00777,0.0838,-22.121
10400,0.00777,0.0838,-24.319
10400,0.00777,0.0838,-32.283
10400,0.00777,0.0838,-34.181
10400,0.00777,0.0838,-59.108
10500,0.0879,0.225,-5.034
10500,0.0879,0.225,-9.119
10500,0.0879,0.225,-14.528
10500,0.0879,0.225,-16.76
10500,0.0879,0.225,-19.369
10500,0.0879,0.225,-22.381
10500,0.0879,0.225,-24.641
10500,0.0879,0.225,-32.368
10500,0.0879,0.225,-33.695
10500,0.0879,0.225,-58.71
10600,0.00817,0.0757,-4.951
10600,0.00817,0.0757,-9.505
10600,0.00817,0.0757,-14.394
10600,0.00817,0.0757,-16.94
10600,0.00817,0.0757,-19.681
10600,0.00817,0.0757,-22.173
10600,0.00817,0.0757,-24.63
10600,0.00817,0.0757,-32.447
10600,0.00817,0.0757,-34.069
10600,0.00817,0.0757,-58.848
10700,0.0346,0.224,-4.976
10700,0.0346,0.224,-9.427
10700,0.0346,0.224,-14.438
10700,0.0346,0.224,-16.858
10700,0.0346,0.224,-19.352
10700,0.0346,0.224,-22.112
10700,0.0346,0.224,-24.553
10700,0.0346,0.224,-32.476
10700,0.0346,0.224,-33.62
10700,0.0346,0.224,-58.517
10800,0.0102,0.123,-4.986
10800,0.0102,0.123,-9.103
10800,0.0102,0.123,-14.655
10800,0.0102,0.123,-16.59
10800,0.0102,0.123,-19.205
10800,0.0102,0.123,-22.343
10800,0.0102,0.123,-25.117
10800,0.0102,0.123,-32.229
10800,0.0102,0.123,-33.569
10800,0.0102,0.123,-58.559
10900,0.0209,0.116,-4.978
10900,0.0209,0.116,-9.245
10900,0.0209,0.116,-14.524
10900,0.0209,0.116,-16.699
10900,0.0209,0.116,-19.846
10900,0.0209,0.116,-22.156
10900,0.0209,0.116,-24.64
10900,0.0209,0.116,-32.433
10900,0.0209,0.116,-33.868
10900,0.0209,0.116,-59.027
11000,-0.00129,0.0882,-5.003
11000,-0.00129,0.0882,-9.201
11000,-0.00129,0.0882,-14.5
11000,-0.00129,0.0882,-16.79
11000,-0.00129,0.0882,-19.645
11000,-0.00129,0.0882,-22.39
11000,-0.00129,0.0882,-24.87
11000,-0.00129,0.0882,-32.574
11000,-0.00129,0.0882,-33.623
11000,-0.00129,0.0882,-58.792
11100,0.0134,0.129,-4.956
11100,0.0134,0.129,-9.006
11100,0.0134,0.129,-14.505
11100,0.0134,0.129,-16.651
11100,0.0134,0.129,-19.794
11100,0.0134,0.129,-22.146
11100,0.0134,0.129,-24.492
11100,0.0134,0.129,-32.255
11100,0.0134,0.129,-33.674
11100,0.0134,0.129,-58.685
11200,0.00473,0.0647,-5.021
11200,0.00473,0.0647,-9.068
11200,0.00473,0.0647,-14.408
11200,0.00473,0.0647,-16.599
11200,0.00473,0.0647,-19.864
11200,0.00473,0.0647,-22.243
11200,0.00473,0.0647,-24.703
11200,0.00473,0.0647,-32.502
11200,0.00473,0.0647,-33.598
11200,0.00473,0.0647,-58.467
11300,0.0576,0.112,-5.091
11300,0.0576,0.112,-9.152
11300,0.0576,0.112,-14.699
11300,0.0576,0.112,-16.675
11300,0.0576,0.112,-19.562
11300,0.0576,0.112,-22.281
11300,0.0576,0.112,-24.792
11300,0.0576,0.112,-32.422
11300,0.0576,0.112,-33.552
11300,0.0576,0.112,-58.872
11400,0.000428,0.124,-4.943
11400,0.000428,0.124,-9.121
11400,0.000428,0.124,-14.464
11400,0.000428,0.124,-16.676
11400,0.000428,0.124,-19.223
11400,0.000428,0.124,-22.386
11400,0.000428,0.124,-24.195
11400,0.000428,0.124,-32.461
11400,0.000428,0.124,-33.722
11400,0.000428,0.124,-58.654
11500,0.0445,0.179,-5.137
11500,0.0445,0.179,-9.283
11500,0.0445,0.179,-14.515
11500,0.0445,0.179,-16.718
11500,0.0445,0.179,-19.334
11500,0.0445,0.179,-22.302
11500,0.0445,0.179,-24.557
11500,0.0445,0.179,-31.961
11500,0.0445,0.179,-33.519
11500,0.0445,0.179,-58.39
11600,-0.0391,0.145,-5.096
11600,-0.0391,0.145,-9.263
11600,-0.0391,0.145,-14.372
11600,-0.0391,0.145,-16.631
11600,-0.0391,0.145,-19.124
11600,-0.0391,0.145,-22.166
11600,-0.0391,0.145,-24.617
11600,-0.0391,0.145,-32.306
11600,-0.0391,0.145,-33.442
11600,-0.0391,0.145,-58.624
11700,0.049,0.118,-5.047
11700,0.049,0.118,-9.155
11700,0.049,0.118,-14.429
11700,0.049,0.118,-16.52
11700,0.049,0.118,-19.388
11700,0.049,0.118,-22.324
11700,0.049,0.118,-24.182
11700,0.049,0.118,-32.558
11700,0.049,0.118,-33.556
11700,0.049,0.118,-58.139
11800,0.00208,0.0705,-4.874
11800,0.00208,0.0705,-9.23
11800,0.00208,0.0705,-14.417
11800,0.00208,0.0705,-16.7
11800,0.00208,0.0705,-19.465
11800,0.00208,0.0705,-22.034
11800,0.00208,0.0705,-24.557
11800,0.00208,0.0705,-32.687
11800,0.00208,0.0705,-33.6
11800,0.00208,0.0705,-58.518
11900,0.0255,0.0746,-5.024
11900,0.0255,0.0746,-9.138
11900,0.0255,0.0746,-14.626
11900,0.0255,0.0746,-16.629
11900,0.0255,0.0746,-19.523
11900,0.0255,0.0746,-22.359
11900,0.0255,0.0746,-24.677
11900,0.0255,0.0746,-32.801
11900,0.0255,0.0746,-33.594
11900,0.0255,0.0746,-58.586
12000,-0.017,0.181,-4.918
12000,-0.017,0.181,-9.208
12000,-0.017,0.181,-14.262
12000,-0.017,0.181,-16.791
12000,-0.017,0.181,-19.564
12000,-0.017,0.181,-22.159
12000,-0.017,0.181,-24.585
12000,-0.017,0.181,-32.291
12000,-0.017,0.181,-33.336
12000,-0.017,0.181,-58.171
12100,0.0336,0.192,-5.019
12100,0.0336,0.192,-9.138
12100,0.0336,0.192,-14.327
12100,0.0336,0.192,-16.792
12100,0.0336,0.192,-19.546
12100,0.0336,0.192,-22.222
12100,0.0336,0.192,-24.512
12100,0.0336,0.192,-32.325
12100,0.0336,0.192,-33.604
12100,0.0336,0.192,-58.273
12200,-0.0484,0.114,-5.112
12200,-0.0484,0.114,-9.187
12200,-0.0484,0.114,-14.426
12200,-0.0484,0.114,-16.594
12200,-0.0484,0.114,-19.406
12200,-0.0484,0.114,-22.282
12200,-0.0484,0.114,-24.199
12200,-0.0484,0.114,-32.006
12200,-0.0484,0.114,-33.638
12200,-0.0484,0.114,-58.344
12300,0.00444,0.0689,-4.926
12300,0.00444,0.0689,-9.284
12300,0.00444,0.0689,-14.367
12300,0.00444,0.0689,-16.698
12300,0.00444,0.0689,-19.741
12300,0.00444,0.0689,-22.097
12300,0.00444,0.0689,-24.569
12300,0.00444,0.0689,-32.476
12300,0.00444,0.0689,-33.553
12300,0.00444,0.0689,-59.235
12400,-0.0162,0.11,-4.984
12400,-0.0162,0.11,-9.088
12400,-0.0162,0.11,-14.145
12400,-0.0162,0.11,-16.862
12400,-0.0162,0.11,-19.485
12400,-0.0162,0.11,-22.12
12400,-0.0162,0.11,-24.622
12400,-0.0162,0.11,-32.225
12400,-0.0162,0.11,-33.901
12400,-0.0162,0.11,-58.373
12500,0.00398,0.123,-4.999
12500,0.00398,0.123,-9.22
12500,0.00398,0.123,-14.524
12500,0.00398,0.123,-16.335
12500,0.00398,0.123,-19.165
12500,0.00398,0.123,-22.267
12500,0.00398,0.123,-24.618
12500,0.00398,0.123,-32.054
12500,0.00398,0.123,-33.176
12500,0.00398,0.123,-58.746
12600,-0.0313,0.168,-5.066
12600,-0.0313,0.168,-9.179
12600,-0.0313,0.168,-14.239
12600,-0.0313,0.168,-16.871
12600,-0.0313,0.168,-19.424
12600,-0.0313,0.168,-22.29
12600,-0.0313,0.168,-24.321
12600,-0.0313,0.168,-32.3
12600,-0.0313,0.168,-33.647
12600,-0.0313,0.168,-58.711
12700,0.0533,0.141,-5.069
12700,0.0533,0.141,-9.249
12700,0.0533,0.141,-14.341
12700,0.0533,0.141,-16.526
12700,0.0533,0.141,-19.214
12700,0.0533,0.141,-22.157
12700,0.0533,0.141,-24.385
12700,0.0533,0.141,-32.314
12700,0.0533,0.141,-33.29
12700,0.0533,0.141,-58.531
12800,-0.00393,0.0717,-4.824
12800,-0.00393,0.0717,-9.108
12800,-0.00393,0.0717,-14.375
12800,-0.00393,0.0717,-16.424
12800,-0.00393,0.0717,-19.134
12800,-0.00393,0.0717,-21.907
12800,-0.00393,0.0717,-24.612
12800,-0.00393,0.0717,-32.26
12800,-0.00393,0.0717,-33.139
12800,-0.00393,0.0717,-58.216
12900,-0.0275,0.0774,-5.025
12900,-0.0275,0.0774,-8.926
12900,-0.0275,0.0774,-14.666
12900,-0.0275,0.0774,-16.381
12900,-0.0275,0.0774,-19.24
12900,-0.0275,0.0774,-22.015
12900,-0.0275,0.0774,-24.286
12900,-0.0275,0.0774,-32.024
12900,-0.0275,0.0774,-33.11
12900,-0.0275,0.0774,-58.494
13000,0.136,0.157,-5.016
13000,0.136,0.157,-9.072
13000,0.136,0.157,-14.517
13000,0.136,0.157,-16.701
13000,0.136,0.157,-19.565
13000,0.136,0.157,-22.172
13000,0.136,0.157,-24.298
13000,0.136,0.157,-32.071
13000,0.136,0.157,-33.576
13000,0.136,0.157,-58.317
13100,-0.0135,0.241,-4.957
13100,-0.0135,0.241,-9.125
13100,-0.0135,0.241,-14.494
13100,-0.0135,0.241,-16.418
13100,-0.0135,0.241,-19.223
13100,-0.0135,0.241,-22.075
13100,-0.0135,0.241,-24.484
13100,-0.0135,0.241,-32.243
13100,-0.0135,0.241,-33.593
13100,-0.0135,0.241,-58.601
13200,0.323,0.267,-5.118
13200,0.323,0.267,-9.274
13200,0.323,0.267,-14.27
13200,0.323,0.267,-16.635
13200,0.323,0.267,-19.872
13200,0.323,0.267,-22.027
13200,0.323,0.267,-24.718
13200,0.323,0.267,-32.075
13200,0.323,0.267,-33.79
13200,0.323,0.267,-58.233
13300,-0.003,0.0706,-5.024
13300,-0.003,0.0706,-9.194
13300,-0.003,0.0706,-14.325
13300,-0.003,0.0706,-16.718
13300,-0.003,0.0706,-19.597
13300,-0.003,0.0706,-21.875
13300,-0.003,0.0706,-24.334
13300,-0.003,0.0706,-32.435
13300,-0.003,0.0706,-33.515
13300,-0.003,0.0706,-58.556
13400,-0.0309,0.125,-5.118
13400,-0.0309,0.125,-8.936
13400,-0.0309,0.125,-14.473
13400,-0.0309,0.125,-16.635
13400,-0.0309,0.125,-19.295
13400,-0.0309,0.125,-21.991
13400,-0.0309,0.125,-24.201
13400,-0.0309,0.125,-32.203
13400,-0.0309,0.125,-33.482
13400,-0.0309,0.125,-58.336
13500,0.0649,0.106,-5.062
13500,0.0649,0.106,-9.136
13500,0.0649,0.106,-14.242
13500,0.0649,0.106,-16.663
13500,0.0649,0.106,-19.39
13500,0.0649,0.106,-22.06
13500,0.0649,0.106,-24.485
13500,0.0649,0.106,-31.918
13500,0.0649,0.106,-33.696
13500,0.0649,0.106,-58.376
13600,0.142,0.151,-4.871
13600,0.142,0.151,-9.134
13600,0.142,0.151,-14.391
13600,0.142,0.151,-16.713
13600,0.142,0.151,-19.006
13600,0.142,0.151,-21.979
13600,0.142,0.151,-24.389
13600,0.142,0.151,-32.218
13600,0.142,0.151,-33.1
13600,0.142,0.151,-58.074
13700,0.0728,0.112,-4.969
13700,0.0728,0.112,-8.96
13700,0.0728,0.112,-14.257
13700,0.0728,0.112,-16.526
13700,0.0728,0.112,-19.174
13700,0.0728,0.112,-21.84
13700,0.0728,0.112,-24.081
13700,0.0728,0.112,-32.415
13700,0.0728,0.112,-33.165
13700,0.0728,0.112,-58.319
13800,0.0149,0.0657,-4.995
13800,0.0149,0.0657,-9.194
13800,0.0149,0.0657,-14.361
13800,0.0149,0.0657,-16.553
13800,0.0149,0.0657,-19.63
13800,0.0149,0.0657,-22.051
13800,0.0149,0.0657,-24.323
13800,0.0149,0.0657,-32.225
13800,0.0149,0.0657,-33.159
13800,0.0149,0.0657,-58.181
13900,-0.0066,0.103,-4.925
13900,-0.0066,0.103,-9.189
13900,-0.0066,0.103,-14.425
13900,-0.0066,0.103,-16.488
13900,-0.0066,0.103,-19.355
13900,-0.0066,0.103,-22.123
13900,-0.0066,0.103,-24.71
13900,-0.0066,0.103,-32.073
13900,-0.0066,0.103,-33.584
13900,-0.0066,0.103,-58.728
14000,0.107,0.128,-4.98
14000,0.107,0.128,-9.056
14000,0.107,0.128,-14.18
14000,0.107,0.128,-16.461
14000,0.107,0.128,-19.104
14000,0.107,0.128,-22.111
14000,0.107,0.128,-24.788
14000,0.107,0.128,-31.99
14000,0.107,0.128,-33.24
14000,0.107,0.128,-58.54
14100,0.00865,0.0596,-4.999
14100,0.00865,0.0596,-9.007
14100,0.00865,0.0596,-14.187
14100,0.00865,0.0596,-16.369
14100,0.00865,0.0596,-19.244
14100,0.00865,0.0596,-21.893
14100,0.00865,0.0596,-24.227
14100,0.00865,0.0596,-32.176
14100,0.00865,0.0596,-33.198
14100,0.00865,0.0596,-58.202
14200,-0.0468,0.0819,-5.014
14200,-0.0468,0.0819,-9.237
14200,-0.0468,0.0819,-14.389
14200,-0.0468,0.0819,-16.633
14200,-0.0468,0.0819,-19.203
14200,-0.0468,0.0819,-22.078
14200,-0.0468,0.0819,-24.568
14200,-0.0468,0.0819,-32.377
14200,-0.0468,0.0819,-33.424
14200,-0.0468,0.0819,-58.363
14300,0.0121,0.0745,-5.028
14300,0.0121,0.0745,-9.02
14300,0.0121,0.0745,-14.295
14300,0.0121,0.0745,-16.606
14300,0.0121,0.0745,-19.175
14300,0.0121,0.0745,-21.932
14300,0.0121,0.0745,-24.224
14300,0.0121,0.0745,-32.118
14300,0.0121,0.0745,-33.349
14300,0.0121,0.0745,-58.272
14400,-0.00352,0.0544,-4.868
14400,-0.00352,0.0544,-8.976
14400,-0.00352,0.0544,-14.388
14400,-0.00352,0.0544,-16.554
14400,-0.00352,0.0544,-19.498
14400,-0.00352,0.0544,-21.939
14400,-0.00352,0.0544,-24.57
14400,-0.00352,0.0544,-32.276
14400,-0.00352,0.0544,-33.622
14400,-0.00352,0.0544,-58.324
14500,-0.00195,0.0741,-5.049
14500,-0.00195,0.0741,-9.111
14500,-0.00195,0.0741,-14.369
14500,-0.00195,0.0741,-16.884
14500,-0.00195,0.0741,-19.313
14500,-0.00195,0.0741,-22.127
14500,-0.00195,0.0741,-24.239
14500,-0.00195,0.0741,-32.409
14500,-0.00195,0.0741,-33.625
14500,-0.00195,0.0741,-58.358
14600,-0.0405,0.155,-5.067
14600,-0.0405,0.155,-9.054
14600,-0.0405,0.155,-14.331
14600,-0.0405,0.155,-16.57
14600,-0.0405,0.155,-19.259
14600,-0.0405,0.155,-21.959
14600,-0.0405,0.155,-24.417
14600,-0.0405,0.155,-32.505
14600,-0.0405,0.155,-33.47
14600,-0.0405,0.155,-58.418
14700,0.242,0.201,-4.869
14700,0.242,0.201,-9.103
14700,0.242,0.201,-14.135
14700,0.242,0.201,-16.436
14700,0.242,0.201,-19.028
14700,0.242,0.201,-21.937
14700,0.242,0.201,-23.921
14700,0.242,0.201,-32.257
14700,0.242,0.201,-33.087
14700,0.242,0.201,-58.248
14800,0.00223,0.143,-4.951
14800,0.00223,0.143,-9.037
14800,0.00223,0.143,-14.14
14800,0.00223,0.143,-16.453
14800,0.00223,0.143,-19.428
14800,0.00223,0.143,-21.742
14800,0.00223,0.143,-23.74
14800,0.00223,0.143,-32.365
14800,0.00223,0.143,-33.059
14800,0.00223,0.143,-58.045
14900,0.0871,0.151,-4.929
14900,0.0871,0.151,-9.14
14900,0.0871,0.151,-14.086
14900,0.0871,0.151,-16.39
14900,0.0871,0.151,-19.104
14900,0.0871,0.151,-21.692
14900,0.0871,0.151,-24.204
14900,0.0871,0.151,-32.206
14900,0.0871,0.151,-32.883
14900,0.0871,0.151,-57.927
15000,-0.229,0.202,-4.973
15000,-0.229,0.202,-8.993
15000,-0.229,0.202,-14.241
15000,-0.229,0.202,-16.305
15000,-0.229,0.202,-18.848
15000,-0.229,0.202,-22.056
15000,-0.229,0.202,-24.116
15000,-0.229,0.202,-32.078
15000,-0.229,0.202,-32.84
15000,-0.229,0.202,-58.335
15100,-0.00279,0.0695,-5.001
15100,-0.00279,0.0695,-9.221
15100,-0.00279,0.0695,-14.438
15100,-0.00279,0.0695,-16.283
15100,-0.00279,0.0695,-19.075
15100,-0.00279,0.0695,-21.725
15100,-0.00279,0.0695,-24.222
15100,-0.00279,0.0695,-32.24
15100,-0.00279,0.0695,-33.238
15100,-0.00279,0.0695,-58.446
15200,-0.00702,0.112,-4.946
15200,-0.00702,0.112,-9.066
15200,-0.00702,0.112,-14.186
15200,-0.00702,0.112,-16.553
15200,-0.00702,0.112,-19.27
15200,-0.00702,0.112,-21.686
15200,-0.00702,0.112,-24.277
15200,-0.00702,0.112,-31.999
15200,-0.00702,0.112,-33.542
15200,-0.00702,0.112,-58.219
15300,0.0271,0.117,-4.903
15300,0.0271,0.117,-9.067
15300,0.0271,0.117,-14.299
15300,0.0271,0.117,-16.312
15300,0.0271,0.117,-19.19
15300,0.0271,0.117,-22.069
15300,0.0271,0.117,-24.379
15300,0.0271,0.117,-31.927
15300,0.0271,0.117,-32.938
15300,0.0271,0.117,-58.028
15400,0.27,0.273,-4.939
15400,0.27,0.273,-9.009
15400,0.27,0.273,-14.397
15400,0.27,0.273,-16.287
15400,0.27,0.273,-18.865
15400,0.27,0.273,-21.434
15400,0.27,0.273,-23.997
15400,0.27,0.273,-31.767
15400,0.27,0.273,-33.165
15400,0.27,0.273,-57.844
15500,0.0555,0.0786,-4.992
15500,0.0555,0.0786,-9.056
15500,0.0555,0.0786,-14.172
15500,0.0555,0.0786,-15.984
15500,0.0555,0.0786,-18.556
15500,0.0555,0.0786,-21.435
15500,0.0555,0.0786,-23.705
15500,0.0555,0.0786,-31.783
15500,0.0555,0.0786,-32.404
15500,0.0555,0.0786,-57.242
15600,0.0799,0.124,-4.884
15600,0.0799,0.124,-9.002
15600,0.0799,0.124,-13.892
15600,0.0799,0.124,-16.601
15600,0.0799,0.124,-18.95
15600,0.0799,0.124,-21.946
15600,0.0799,0.124,-24.278
15600,0.0799,0.124,-31.901
15600,0.0799,0.124,-33.177
15600,0.0799,0.124,-58.26
15700,0.0162,0.13,-5.037
15700,0.0162,0.13,-8.905
15700,0.0162,0.13,-13.967
15700,0.0162,0.13,-16.246
15700,0.0162,0.13,-18.834
15700,0.0162,0.13,-21.624
15700,0.0162,0.13,-23.628
15700,0.0162,0.13,-31.301
15700,0.0162,0.13,-32.301
15700,0.0162,0.13,-57.173
15800,-0.115,0.119,-5.002
15800,-0.115,0.119,-9.026
15800,-0.115,0.119,-14.177
15800,-0.115,0.119,-16.285
15800,-0.115,0.119,-19.065
15800,-0.115,0.119,-21.742
15800,-0.115,0.119,-24.017
15800,-0.115,0.119,-31.5
15800,-0.115,0.119,-32.834
15800,-0.115,0.119,-57.494
15900,-0.112,0.097,-4.883
15900,-0.112,0.097,-9.089
15900,-0.112,0.097,-14.123
15900,-0.112,0.097,-16.175
15900,-0.112,0.097,-19.156
15900,-0.112,0.097,-21.364
15900,-0.112,0.097,-23.941
15900,-0.112,0.097,-31.747
15900,-0.112,0.097,-32.404
15900,-0.112,0.097,-57.701
16000,-0.00227,0.0618,-4.928
16000,-0.00227,0.0618,-9.087
16000,-0.00227,0.0618,-14.23
16000,-0.00227,0.0618,-16.221
16000,-0.00227,0.0618,-19.132
16000,-0.00227,0.0618,-21.354
16000,-0.00227,0.0618,-24.309
16000,-0.00227,0.0618,-31.367
16000,-0.00227,0.0618,-32.554
16000,-0.00227,0.0618,-57.264
16100,-0.0189,0.103,-4.779
16100,-0.0189,0.103,-9.154
16100,-0.0189,0.103,-13.952
16100,-0.0189,0.103,-16.113
16100,-0.0189,0.103,-18.958
16100,-0.0189,0.103,-21.505
16100,-0.0189,0.103,-23.593
16100,-0.0189,0.103,-31.391
16100,-0.0189,0.103,-32.55
16100,-0.0189,0.103,-57.196
16200,-9.68e-05,0.167,-4.905
16200,-9.68e-05,0.167,-8.881
16200,-9.68e-05,0.167,-14.197
16200,-9.68e-05,0.167,-16.178
16200,-9.68e-05,0.167,-19.18
16200,-9.68e-05,0.167,-21.413
16200,-9.68e-05,0.167,-23.988
16200,-9.68e-05,0.167,-31.296
16200,-9.68e-05,0.167,-32.671
16200,-9.68e-05,0.167,-57.187
16300,-0.146,0.134,-4.876
16300,-0.146,0.134,-8.948
16300,-0.146,0.134,-13.964
16300,-0.146,0.134,-16.154
16300,-0.146,0.134,-18.991
16300,-0.146,0.134,-21.538
16300,-0.146,0.134,-23.836
16300,-0.146,0.134,-31.438
16300,-0.146,0.134,-32.42
16300,-0.146,0.134,-57.713
16400,-0.0313,0.121,-5.039
16400,-0.0313,0.121,-8.906
16400,-0.0313,0.121,-14.061
16400,-0.0313,0.121,-16.053
16400,-0.0313,0.121,-18.909
16400,-0.0313,0.121,-21.153
16400,-0.0313,0.121,-23.497
16400,-0.0313,0.121,-30.691
16400,-0.0313,0.121,-32.148
16400,-0.0313,0.121,-56.161
16500,-0.0347,0.0706,-4.865
16500,-0.0347,0.0706,-8.984
16500,-0.0347,0.0706,-14.061
16500,-0.0347,0.0706,-16.205
16500,-0.0347,0.0706,-18.971
16500,-0.0347,0.0706,-21.242
16500,-0.0347,0.0706,-23.594
16500,-0.0347,0.0706,-31.459
16500,-0.0347,0.0706,-32.383
16500,-0.0347,0.0706,-57.147
16600,-0.0208,0.119,-4.828
16600,-0.0208,0.119,-9.095
16600,-0.0208,0.119,-14.027
16600,-0.0208,0.119,-16.105
16600,-0.0208,0.119,-18.705
16600,-0.0208,0.119,-21.506
16600,-0.0208,0.119,-23.899
16600,-0.0208,0.119,-31.628
16600,-0.0208,0.119,-32.445
16600,-0.0208,0.119,-57.257
16700,0.0496,0.0806,-4.851
16700,0.0496,0.0806,-8.84
16700,0.0496,0.0806,-14.165
16700,0.0496,0.0806,-16.311
16700,0.0496,0.0806,-19.241
16700,0.0496,0.0806,-21.453
16700,0.0496,0.0806,-23.962
16700,0.0496,0.0806,-31.392
16700,0.0496,0.0806,-32.364
16700,0.0496,0.0806,-56.999
16800,0.0154,0.0712,-4.93
16800,0.0154,0.0712,-9.083
16800,0.0154,0.0712,-14.343
16800,0.0154,0.0712,-16.345
16800,0.0154,0.0712,-19.439
16800,0.0154,0.0712,-21.511
16800,0.0154,0.0712,-24.204
16800,0.0154,0.0712,-31.424
16800,0.0154,0.0712,-32.426
16800,0.0154,0.0712,-57.179
16900,-0.00527,0.0709,-4.815
16900,-0.00527,0.0709,-8.972
16900,-0.00527,0.0709,-14.216
16900,-0.00527,0.0709,-16.585
16900,-0.00527,0.0709,-19.152
16900,-0.00527,0.0709,-21.421
16900,-0.00527,0.0709,-23.994
16900,-0.00527,0.0709,-31.468
16900,-0.00527,0.0709,-32.527
16900,-0.00527,0.0709,-57.056
17000,0.00601,0.0695,-4.923
17000,0.00601,0.0695,-8.947
17000,0.00601,0.0695,-14.305
17000,0.00601,0.0695,-16.362
17000,0.00601,0.0695,-19.455
17000,0.00601,0.0695,-21.422
17000,0.00601,0.0695,-24.263
17000,0.00601,0.0695,-31.37
17000,0.00601,0.0695,-32.348
17000,0.00601,0.0695,-57.032
17100,-0.0131,0.126,-4.954
17100,-0.0131,0.126,-9.287
17100,-0.0131,0.126,-14.517
17100,-0.0131,0.126,-16.581
17100,-0.0131,0.126,-19.937
17100,-0.0131,0.126,-21.576
17100,-0.0131,0.126,-24.621
17100,-0.0131,0.126,-31.547
17100,-0.0131,0.126,-32.849
17100,-0.0131,0.126,-57.492
17200,-0.125,0.141,-4.884
17200,-0.125,0.141,-8.97
17200,-0.125,0.141,-14.055
17200,-0.125,0.141,-15.991
17200,-0.125,0.141,-18.683
17200,-0.125,0.141,-21.682
17200,-0.125,0.141,-23.823
17200,-0.125,0.141,-31.612
17200,-0.125,0.141,-32.146
17200,-0.125,0.141,-57.095
17300,0.019,0.105,-4.888
17300,0.019,0.105,-8.955
17300,0.019,0.105,-14.04
17300,0.019,0.105,-16.053
17300,0.019,0.105,-18.967
17300,0.019,0.105,-21.451
17300,0.019,0.105,-23.893
17300,0.019,0.105,-31.782
17300,0.019,0.105,-32.203
17300,0.019,0.105,-57.705
17400,0.00368,0.0654,-4.859
17400,0.00368,0.0654,-8.929
17400,0.00368,0.0654,-14.01
17400,0.00368,0.0654,-15.923
17400,0.00368,0.0654,-18.917
17400,0.00368,0.0654,-21.587
17400,0.00368,0.0654,-23.661
17400,0.00368,0.0654,-31.618
17400,0.00368,0.0654,-32.376
17400,0.00368,0.0654,-57.291
17500,0.0139,0.13,-4.971
17500,0.0139,0.13,-8.947
17500,0.0139,0.13,-13.921
17500,0.0139,0.13,-16.019
17500,0.0139,0.13,-18.929
17500,0.0139,0.13,-21.604
17500,0.0139,0.13,-23.723
17500,0.0139,0.13,-31.289
17500,0.0139,0.13,-32.747
17500,0.0139,0.13,-57.706
17600,-0.192,0.145,-5.0
17600,-0.192,0.145,-9.029
17600,-0.192,0.145,-13.792
17600,-0.192,0.145,-16.01
17600,-0.192,0.145,-18.992
17600,-0.192,0.145,-21.288
17600,-0.192,0.145,-23.757
17600,-0.192,0.145,-31.545
17600,-0.192,0.145,-32.275
17600,-0.192,0.145,-57.151
17700,0.418,0.33,-4.907
17700,0.418,0.33,-9.062
17700,0.418,0.33,-14.169
17700,0.418,0.33,-16.211
17700,0.418,0.33,-18.717
17700,0.418,0.33,-21.511
17700,0.418,0.33,-23.971
17700,0.418,0.33,-31.858
17700,0.418,0.33,-32.609
17700,0.418,0.33,-57.524
17800,-0.0399,0.087,-4.996
17800,-0.0399,0.087,-9.032
17800,-0.0399,0.087,-14.267
17800,-0.0399,0.087,-16.156
17800,-0.0399,0.087,-19.232
17800,-0.0399,0.087,-21.75
17800,-0.0399,0.087,-24.042
17800,-0.0399,0.087,-32.041
17800,-0.0399,0.087,-32.721
17800,-0.0399,0.087,-57.702
17900,-0.471,0.447,-5.015
17900,-0.471,0.447,-9.003
17900,-0.471,0.447,-14.083
17900,-0.471,0.447,-16.587
17900,-0.471,0.447,-19.075
17900,-0.471,0.447,-21.673
17900,-0.471,0.447,-23.964
17900,-0.471,0.447,-31.525
17900,-0.471,0.447,-32.777
17900,-0.471,0.447,-57.561
18000,0.0606,0.147,-5.015
18000,0.0606,0.147,-9.148
18000,0.0606,0.147,-14.013
18000,0.0606,0.147,-16.208
18000,0.0606,0.147,-19.195
18000,0.0606,0.147,-21.798
18000,0.0606,0.147,-23.683
18000,0.0606,0.147,-31.721
18000,0.0606,0.147,-32.127
18000,0.0606,0.147,-57.267
18100,0.0368,0.132,-4.968
18100,0.0368,0.132,-8.871
18100,0.0368,0.132,-14.06
18100,0.0368,0.132,-15.878
18100,0.0368,0.132,-18.915
18100,0.0368,0.132,-21.363
18100,0.0368,0.132,-23.414
18100,0.0368,0.132,-31.042
18100,0.0368,0.132,-32.239
18100,0.0368,0.132,-57.129
18200,-0.00394,0.12,-4.943
18200,-0.00394,0.12,-8.836
18200,-0.00394,0.12,-14.145
18200,-0.00394,0.12,-16.195
18200,-0.00394,0.12,-19.27
18200,-0.00394,0.12,-21.275
18200,-0.00394,0.12,-23.752
18200,-0.00394,0.12,-31.645
18200,-0.00394,0.12,-32.486
18200,-0.00394,0.12,-57.154
18300,0.0454,0.158,-4.916
18300,0.0454,0.158,-8.986
18300,0.0454,0.158,-14.078
18300,0.0454,0.158,-15.802
18300,0.0454,0.158,-18.606
18300,0.0454,0.158,-21.436
18300,0.0454,0.158,-23.292
18300,0.0454,0.158,-31.188
18300,0.0454,0.158,-32.303
18300,0.0454,0.158,-56.583
18400,-0.019,0.0693,-4.91
18400,-0.019,0.0693,-8.854
18400,-0.019,0.0693,-13.783
18400,-0.019,0.0693,-15.967
18400,-0.019,0.0693,-18.653
18400,-0.019,0.0693,-21.349
18400,-0.019,0.0693,-23.799
18400,-0.019,0.0693,-31.575
18400,-0.019,0.0693,-32.466
18400,-0.019,0.0693,-57.404
18500,0.00306,0.151,-4.95
18500,0.00306,0.151,-9.044
18500,0.00306,0.151,-13.929
18500,0.00306,0.151,-15.986
18500,0.00306,0.151,-18.448
18500,0.00306,0.151,-21.098
18500,0.00306,0.151,-23.234
18500,0.00306,0.151,-31.547
18500,0.00306,0.151,-32.186
18500,0.00306,0.151,-56.895
18600,0.00817,0.0548,-4.967
18600,0.00817,0.0548,-8.952
18600,0.00817,0.0548,-13.981
18600,0.00817,0.0548,-16.171
18600,0.00817,0.0548,-18.591
18600,0.00817,0.0548,-21.327
18600,0.00817,0.0548,-23.702
18600,0.00817,0.0548,-30.974
18600,0.00817,0.0548,-32.177
18600,0.00817,0.0548,-56.727
18700,-0.00515,0.105,-4.937
18700,-0.00515,0.105,-9.008
18700,-0.00515,0.105,-13.991
18700,-0.00515,0.105,-15.78
18700,-0.00515,0.105,-18.914
18700,-0.00515,0.105,-21.223
18700,-0.00515,0.105,-23.269
18700,-0.00515,0.105,-31.051
18700,-0.00515,0.105,-31.83
18700,-0.00515,0.105,-56.633
18800,0.0107,0.162,-4.987
18800,0.0107,0.162,-8.993
18800,0.0107,0.162,-13.957
18800,0.0107,0.162,-15.873
18800,0.0107,0.162,-18.69
18800,0.0107,0.162,-21.123
18800,0.0107,0.162,-23.296
18800,0.0107,0.162,-30.839
18800,0.0107,0.162,-31.973
18800,0.0107,0.162,-56.182
18900,-0.0025,0.11,-4.923
18900,-0.0025,0.11,-9.008
18900,-0.0025,0.11,-14.059
18900,-0.0025,0.11,-16.025
18900,-0.0025,0.11,-18.584
18900,-0.0025,0.11,-21.061
18900,-0.0025,0.11,-23.65
18900,-0.0025,0.11,-31.399
18900,-0.0025,0.11,-31.98
18900,-0.0025,0.11,-56.871
19000,-0.0152,0.06,-4.93
19000,-0.0152,0.06,-8.894
19000,-0.0152,0.06,-13.946
19000,-0.0152,0.06,-16.265
19000,-0.0152,0.06,-18.679
19000,-0.0152,0.06,-21.299
19000,-0.0152,0.06,-23.604
19000,-0.0152,0.06,-31.733
19000,-0.0152,0.06,-32.075
19000,-0.0152,0.06,-56.955
19100,-0.0561,0.1,-4.916
19100,-0.0561,0.1,-9.078
19100,-0.0561,0.1,-14.038
19100,-0.0561,0.1,-15.829
19100,-0.0561,0.1,-18.516
19100,-0.0561,0.1,-20.84
19100,-0.0561,0.1,-23.434
19100,-0.0561,0.1,-31.116
19100,-0.0561,0.1,-31.856
19100,-0.0561,0.1,-56.468
19200,0.0322,0.102,-4.999
19200,0.0322,0.102,-8.903
19200,0.0322,0.102,-13.869
19200,0.0322,0.102,-15.882
19200,0.0322,0.102,-18.7
19200,0.0322,0.102,-21.168
19200,0.0322,0.102,-23.099
19200,0.0322,0.102,-30.33
19200,0.0322,0.102,-31.77
19200,0.0322,0.102,-56.074
19300,-0.0452,0.184,-4.924
19300,-0.0452,0.184,-9.041
19300,-0.0452,0.184,-13.891
19300,-0.0452,0.184,-15.949
19300,-0.0452,0.184,-18.513
19300,-0.0452,0.184,-21.338
19300,-0.0452,0.184,-23.617
19300,-0.0452,0.184,-31.06
19300,-0.0452,0.184,-32.135
19300,-0.0452,0.184,-57.043
19400,-0.0069,0.0607,-4.888
19400,-0.0069,0.0607,-8.93
19400,-0.0069,0.0607,-13.845
19400,-0.0069,0.0607,-15.999
19400,-0.0069,0.0607,-18.877
19400,-0.0069,0.0607,-21.038
19400,-0.0069,0.0607,-23.317
19400,-0.0069,0.0607,-31.097
19400,-0.0069,0.0607,-31.903
19400,-0.0069,0.0607,-56.285
19500,0.193,0.177,-4.921
19500,0.193,0.177,-9.019
19500,0.193,0.177,-14.001
19500,0.193,0.177,-15.803
19500,0.193,0.177,-18.386
19500,0.193,0.177,-21.158
19500,0.193,0.177,-23.253
19500,0.193,0.177,-30.857
19500,0.193,0.177,-31.642
19500,0.193,0.177,-55.534
19600,0.0442,0.0713,-4.882
19600,0.0442,0.0713,-9.038
19600,0.0442,0.0713,-14.042
19600,0.0442,0.0713,-16.279
19600,0.0442,0.0713,-19.237
19600,0.0442,0.0713,-21.351
19600,0.0442,0.0713,-23.728
19600,0.0442,0.0713,-30.995
19600,0.0442,0.0713,-32.424
19600,0.0442,0.0713,-57.296
19700,0.0277,0.117,-4.995
19700,0.0277,0.117,-8.915
19700,0.0277,0.117,-13.94
19700,0.0277,0.117,-16.044
19700,0.0277,0.117,-19.627
19700,0.0277,0.117,-21.143
19700,0.0277,0.117,-23.808
19700,0.0277,0.117,-31.096
19700,0.0277,0.117,-32.316
19700,0.0277,0.117,-57.197
19800,-0.0091,0.0685,-4.949
19800,-0.0091,0.0685,-8.896
19800,-0.0091,0.0685,-14.023
19800,-0.0091,0.0685,-15.916
19800,-0.0091,0.0685,-18.971
19800,-0.0091,0.0685,-21.055
19800,-0.0091,0.0685,-23.459
19800,-0.0091,0.0685,-31.293
19800,-0.0091,0.0685,-32.172
19800,-0.0091,0.0685,-56.911
19900,0.00725,0.0635,-4.999
19900,0.00725,0.0635,-8.978
19900,0.00725,0.0635,-13.913
19900,0.00725,0.0635,-15.902
19900,0.00725,0.0635,-18.694
19900,0.00725,0.0635,-21.203
19900,0.00725,0.0635,-23.076
19900,0.00725,0.0635,-31.143
19900,0.00725,0.0635,-31.575
19900,0.00725,0.0635,-56.174
20000,0.0312,0.0862,-4.889
20000,0.0312,0.0862,-9.054
20000,0.0312,0.0862,-14.036
20000,0.0312,0.0862,-16.048
20000,0.0312,0.0862,-18.814
20000,0.0312,0.0862,-21.469
20000,0.0312,0.0862,-23.808
20000,0.0312,0.0862,-31.629
20000,0.0312,0.0862,-32.7
20000,0.0312,0.0862,-57.289
20100,0.0309,0.11,-4.949
20100,0.0309,0.11,-8.953
20100,0.0309,0.11,-13.918
20100,0.0309,0.11,-15.981
20100,0.0309,0.11,-18.667
20100,0.0309,0.11,-21.122
20100,0.0309,0.11,-23.243
20100,0.0309,0.11,-31.121
20100,0.0309,0.11,-32.364
20100,0.0309,0.11,-57.085
20200,-0.00253,0.0641,-4.82
20200,-0.00253,0.0641,-8.853
20200,-0.00253,0.0641,-13.836
20200,-0.00253,0.0641,-15.949
20200,-0.00253,0.0641,-18.807
20200,-0.00253,0.0641,-21.133
20200,-0.00253,0.0641,-23.781
20200,-0.00253,0.0641,-31.345
20200,-0.00253,0.0641,-31.787
20200,-0.00253,0.0641,-57.088
20300,0.0423,0.109,-4.963
20300,0.0423,0.109,-8.972
20300,0.0423,0.109,-13.752
20300,0.0423,0.109,-15.624
20300,0.0423,0.109,-18.422
20300,0.0423,0.109,-21.057
20300,0.0423,0.109,-23.026
20300,0.0423,0.109,-31.132
20300,0.0423,0.109,-31.849
20300,0.0423,0.109,-56.05
20400,-0.00134,0.0971,-4.874
20400,-0.00134,0.0971,-8.909
20400,-0.00134,0.0971,-13.858
20400,-0.00134,0.0971,-15.84
20400,-0.00134,0.0971,-18.641
20400,-0.00134,0.0971,-21.387
20400,-0.00134,0.0971,-23.114
20400,-0.00134,0.0971,-30.894
20400,-0.00134,0.0971,-31.971
20400,-0.00134,0.0971,-56.652
20500,0.037,0.12,-4.992
20500,0.037,0.12,-8.983
20500,0.037,0.12,-13.893
20500,0.037,0.12,-15.923
20500,0.037,0.12,-18.723
20500,0.037,0.12,-21.221
20500,0.037,0.12,-23.578
20500,0.037,0.12,-30.997
20500,0.037,0.12,-32.053
20500,0.037,0.12,-56.387
20600,0.0186,0.0611,-4.913
20600,0.0186,0.0611,-8.91
20600,0.0186,0.0611,-13.994
20600,0.0186,0.0611,-15.744
20600,0.0186,0.0611,-18.677
20600,0.0186,0.0611,-20.888
20600,0.0186,0.0611,-23.158
20600,0.0186,0.0611,-30.867
20600,0.0186,0.0611,-31.59
20600,0.0186,0.0611,-55.982
20700,-0.0776,0.142,-4.917
20700,-0.0776,0.142,-8.965
20700,-0.0776,0.142,-14.041
20700,-0.0776,0.142,-16.123
20700,-0.0776,0.142,-18.888
20700,-0.0776,0.142,-21.263
20700,-0.0776,0.142,-23.263
20700,-0.0776,0.142,-31.215
20700,-0.0776,0.142,-31.722
20700,-0.0776,0.142,-56.738
20800,-0.0663,0.129,-4.891
20800,-0.0663,0.129,-8.991
20800,-0.0663,0.129,-13.906
20800,-0.0663,0.129,-15.81
20800,-0.0663,0.129,-18.501
20800,-0.0663,0.129,-21.132
20800,-0.0663,0.129,-23.114
20800,-0.0663,0.129,-31.504
20800,-0.0663,0.129,-31.772
20800,-0.0663,0.129,-56.341
20900,0.0269,0.118,-4.937
20900,0.0269,0.118,-8.899
20900,0.0269,0.118,-14.056
20900,0.0269,0.118,-16.016
20900,0.0269,0.118,-18.739
20900,0.0269,0.118,-21.355
20900,0.0269,0.118,-23.525
20900,0.0269,0.118,-31.518
20900,0.0269,0.118,-32.01
20900,0.0269,0.118,-56.744
21000,0.00754,0.0717,-4.974
21000,0.00754,0.0717,-8.932
21000,0.00754,0.0717,-13.865
21000,0.00754,0.0717,-15.816
21000,0.00754,0.0717,-18.302
21000,0.00754,0.0717,-21.064
21000,0.00754,0.0717,-23.213
21000,0.00754,0.0717,-30.824
21000,0.00754,0.0717,-32.102
21000,0.00754,0.0717,-56.1
21100,-0.0412,0.102,-4.953
21100,-0.0412,0.102,-8.91
21100,-0.0412,0.102,-13.885
21100,-0.0412,0.102,-15.949
21100,-0.0412,0.102,-18.494
21100,-0.0412,0.102,-21.034
21100,-0.0412,0.102,-23.055
21100,-0.0412,0.102,-30.977
21100,-0.0412,0.102,-31.78
21100,-0.0412,0.102,-56.199
21200,-0.0556,0.0882,-4.818
21200,-0.0556,0.0882,-8.945
21200,-0.0556,0.0882,-14.08
21200,-0.0556,0.0882,-16.128
21200,-0.0556,0.0882,-18.847
21200,-0.0556,0.0882,-21.461
21200,-0.0556,0.0882,-23.923
21200,-0.0556,0.0882,-31.146
21200,-0.0556,0.0882,-32.279
21200,-0.0556,0.0882,-56.805
21300,0.111,0.156,-4.974
21300,0.111,0.156,-8.828
21300,0.111,0.156,-13.94
21300,0.111,0.156,-15.721
21300,0.111,0.156,-18.431
21300,0.111,0.156,-20.892
21300,0.111,0.156,-23.51
21300,0.111,0.156,-30.844
21300,0.111,0.156,-31.677
21300,0.111,0.156,-55.791
21400,-0.0075,0.0636,-4.945
21400,-0.0075,0.0636,-8.953
21400,-0.0075,0.0636,-14.046
21400,-0.0075,0.0636,-15.763
21400,-0.0075,0.0636,-18.614
21400,-0.0075,0.0636,-21.136
21400,-0.0075,0.0636,-23.267
21400,-0.0075,0.0636,-31.334
21400,-0.0075,0.0636,-31.768
21400,-0.0075,0.0636,-56.729
21500,0.0131,0.0727,-4.897
21500,0.0131,0.0727,-9.157
21500,0.0131,0.0727,-14.024
21500,0.0131,0.0727,-15.903
21500,0.0131,0.0727,-18.629
21500,0.0131,0.0727,-20.89
21500,0.0131,0.0727,-23.448
21500,0.0131,0.0727,-31.131
21500,0.0131,0.0727,-32.092
21500,0.0131,0.0727,-57.229
21600,-0.0336,0.111,-4.911
21600,-0.0336,0.111,-8.898
21600,-0.0336,0.111,-13.849
21600,-0.0336,0.111,-15.863
21600,-0.0336,0.111,-18.814
21600,-0.0336,0.111,-21.144
21600,-0.0336,0.111,-23.317
21600,-0.0336,0.111,-31.139
21600,-0.0336,0.111,-31.929
21600,-0.0336,0.111,-56.581
21700,-0.0667,0.0799,-4.876
21700,-0.0667,0.0799,-8.894
21700,-0.0667,0.0799,-13.993
21700,-0.0667,0.0799,-15.948
21700,-0.0667,0.0799,-18.579
21700,-0.0667,0.0799,-21.453
21700,-0.0667,0.0799,-23.701
21700,-0.0667,0.0799,-31.184
21700,-0.0667,0.0799,-32.0
21700,-0.0667,0.0799,-56.744
21800,0.128,0.23,-4.908
21800,0.128,0.23,-8.942
21800,0.128,0.23,-14.053
21800,0.128,0.23,-16.071
21800,0.128,0.23,-18.742
21800,0.128,0.23,-21.477
21800,0.128,0.23,-23.792
21800,0.128,0.23,-31.606
21800,0.128,0.23,-32.245
21800,0.128,0.23,-57.311
21900,0.192,0.231,-4.924
21900,0.192,0.231,-8.853
21900,0.192,0.231,-13.961
21900,0.192,0.231,-15.958
21900,0.192,0.231,-18.795
21900,0.192,0.231,-21.4
21900,0.192,0.231,-23.436
21900,0.192,0.231,-31.183
21900,0.192,0.231,-31.967
21900,0.192,0.231,-56.866
22000,-0.00777,0.0566,-4.891
22000,-0.00777,0.0566,-8.892
22000,-0.00777,0.0566,-13.798
22000,-0.00777,0.0566,-15.821
22000,-0.00777,0.0566,-18.639
22000,-0.00777,0.0566,-21.023
22000,-0.00777,0.0566,-23.8
22000,-0.00777,0.0566,-31.095
22000,-0.00777,0.0566,-31.822
22000,-0.00777,0.0566,-57.125
22100,-0.00179,0.063,-4.915
22100,-0.00179,0.063,-8.939
22100,-0.00179,0.063,-14.013
22100,-0.00179,0.063,-15.939
22100,-0.00179,0.063,-18.963
22100,-0.00179,0.063,-21.132
22100,-0.00179,0.063,-23.768
22100,-0.00179,0.063,-31.138
22100,-0.00179,0.063,-32.251
22100,-0.00179,0.063,-57.06
22200,-0.0294,0.11,-4.921
22200,-0.0294,0.11,-8.86
22200,-0.0294,0.11,-14.025
22200,-0.0294,0.11,-15.772
22200,-0.0294,0.11,-19.027
22200,-0.0294,0.11,-21.0
22200,-0.0294,0.11,-23.376
22200,-0.0294,0.11,-31.049
22200,-0.0294,0.11,-32.028
22200,-0.0294,0.11,-56.444
22300,0.0301,0.0703,-4.924
22300,0.0301,0.0703,-8.812
22300,0.0301,0.0703,-13.945
22300,0.0301,0.0703,-15.965
22300,0.0301,0.0703,-18.379
22300,0.0301,0.0703,-20.9
22300,0.0301,0.0703,-23.429
22300,0.0301,0.0703,-30.734
22300,0.0301,0.0703,-31.638
22300,0.0301,0.0703,-56.266
22400,-0.000739,0.157,-4.85
22400,-0.000739,0.157,-8.834
22400,-0.000739,0.157,-13.886
22400,-0.000739,0.157,-15.696
22400,-0.000739,0.157,-18.362
22400,-0.000739,0.157,-20.969
22400,-0.000739,0.157,-23.248
22400,-0.000739,0.157,-30.831
22400,-0.000739,0.157,-32.001
22400,-0.000739,0.157,-56.067
22500,0.0118,0.0605,-4.85
22500,0.0118,0.0605,-9.059
22500,0.0118,0.0605,-13.796
22500,0.0118,0.0605,-15.848
22500,0.0118,0.0605,-18.486
22500,0.0118,0.0605,-21.382
22500,0.0118,0.0605,-23.543
22500,0.0118,0.0605,-31.294
22500,0.0118,0.0605,-32.042
22500,0.0118,0.0605,-56.661
22600,-0.0329,0.167,-5.016
22600,-0.0329,0.167,-8.947
22600,-0.0329,0.167,-13.887
22600,-0.0329,0.167,-15.736
22600,-0.0329,0.167,-19.027
22600,-0.0329,0.167,-21.129
22600,-0.0329,0.167,-23.326
22600,-0.0329,0.167,-31.059
22600,-0.0329,0.167,-32.135
22600,-0.0329,0.167,-56.257
22700,-0.00226,0.0985,-4.874
22700,-0.00226,0.0985,-8.934
22700,-0.00226,0.0985,-13.83
22700,-0.00226,0.0985,-15.875
22700,-0.00226,0.0985,-19.093
22700,-0.00226,0.0985,-20.998
22700,-0.00226,0.0985,-23.32
22700,-0.00226,0.0985,-30.994
22700,-0.00226,0.0985,-31.993
22700,-0.00226,0.0985,-56.496
22800,0.179,0.198,-4.867
22800,0.179,0.198,-8.795
22800,0.179,0.198,-14.072
22800,0.179,0.198,-16.014
22800,0.179,0.198,-18.714
22800,0.179,0.198,-20.959
22800,0.179,0.198,-24.082
22800,0.179,0.198,-30.667
22800,0.179,0.198,-32.498
22800,0.179,0.198,-57.034
22900,0.625,0.477,-4.839
22900,0.625,0.477,-8.98
22900,0.625,0.477,-13.958
22900,0.625,0.477,-15.989
22900,0.625,0.477,-18.949
22900,0.625,0.477,-21.046
22900,0.625,0.477,-24.073
22900,0.625,0.477,-31.408
22900,0.625,0.477,-32.179
22900,0.625,0.477,-57.434
23000,0.0513,0.0783,-4.877
23000,0.0513,0.0783,-8.894
23000,0.0513,0.0783,-13.957
23000,0.0513,0.0783,-16.029
23000,0.0513,0.0783,-18.373
23000,0.0513,0.0783,-21.283
23000,0.0513,0.0783,-23.395
23000,0.0513,0.0783,-31.467
23000,0.0513,0.0783,-31.812
23000,0.0513,0.0783,-56.542
23100,0.0491,0.216,-4.897
23100,0.0491,0.216,-8.759
23100,0.0491,0.216,-13.806
23100,0.0491,0.216,-15.869
23100,0.0491,0.216,-18.301
23100,0.0491,0.216,-21.154
23100,0.0491,0.216,-23.228
23100,0.0491,0.216,-31.316
23100,0.0491,0.216,-31.681
23100,0.0491,0.216,-56.239
23200,-0.0566,0.0989,-5.014
23200,-0.0566,0.0989,-8.974
23200,-0.0566,0.0989,-13.935
23200,-0.0566,0.0989,-16.203
23200,-0.0566,0.0989,-18.573
23200,-0.0566,0.0989,-21.213
23200,-0.0566,0.0989,-23.779
23200,-0.0566,0.0989,-31.569
23200,-0.0566,0.0989,-32.314
23200,-0.0566,0.0989,-57.244
23300,0.548,0.398,-4.95
23300,0.548,0.398,-8.954
23300,0.548,0.398,-14.078
23300,0.548,0.398,-15.903
23300,0.548,0.398,-18.398
23300,0.548,0.398,-21.214
23300,0.548,0.398,-23.109
23300,0.548,0.398,-31.102
23300,0.548,0.398,-31.785
23300,0.548,0.398,-56.665
23400,0.00411,0.0682,-4.943
23400,0.00411,0.0682,-8.799
23400,0.00411,0.0682,-13.742
23400,0.00411,0.0682,-15.728
23400,0.00411,0.0682,-18.557
23400,0.00411,0.0682,-20.985
23400,0.00411,0.0682,-23.502
23400,0.00411,0.0682,-31.212
23400,0.00411,0.0682,-31.886
23400,0.00411,0.0682,-56.324
23500,-0.014,0.122,-4.906
23500,-0.014,0.122,-9.15
23500,-0.014,0.122,-13.986
23500,-0.014,0.122,-15.769
23500,-0.014,0.122,-18.591
23500,-0.014,0.122,-21.066
23500,-0.014,0.122,-23.441
23500,-0.014,0.122,-30.903
23500,-0.014,0.122,-31.896
23500,-0.014,0.122,-55.822
23600,0.089,0.129,-4.797
23600,0.089,0.129,-8.973
23600,0.089,0.129,-13.762
23600,0.089,0.129,-15.946
23600,0.089,0.129,-18.707
23600,0.089,0.129,-21.048
23600,0.089,0.129,-23.213
23600,0.089,0.129,-31.004
23600,0.089,0.129,-31.853
23600,0.089,0.129,-56.779
23700,0.262,0.236,-4.856
23700,0.262,0.236,-8.97
23700,0.262,0.236,-13.846
23700,0.262,0.236,-15.799
23700,0.262,0.236,-18.529
23700,0.262,0.236,-21.003
23700,0.262,0.236,-23.106
23700,0.262,0.236,-30.751
23700,0.262,0.236,-31.826
23700,0.262,0.236,-56.191
23800,-0.0735,0.0893,-5.061
23800,-0.0735,0.0893,-8.978
23800,-0.0735,0.0893,-13.965
23800,-0.0735,0.0893,-15.728
23800,-0.0735,0.0893,-18.665
23800,-0.0735,0.0893,-20.769
23800,-0.0735,0.0893,-23.154
23800,-0.0735,0.0893,-30.582
23800,-0.0735,0.0893,-32.065
23800,-0.0735,0.0893,-56.096
23900,-0.0151,0.122,-5.046
23900,-0.0151,0.122,-8.825
23900,-0.0151,0.122,-13.77
23900,-0.0151,0.122,-15.843
23900,-0.0151,0.122,-18.441
23900,-0.0151,0.122,-21.047
23900,-0.0151,0.122,-23.216
23900,-0.0151,0.122,-30.919
23900,-0.0151,0.122,-31.36
23900,-0.0151,0.122,-55.855
24000,-0.00235,0.0692,-4.812
24000,-0.00235,0.0692,-8.897
24000,-0.00235,0.0692,-13.978
24000,-0.00235,0.0692,-15.592
24000,-0.00235,0.0692,-18.876
24000,-0.00235,0.0692,-20.932
24000,-0.00235,0.0692,-23.373
24000,-0.00235,0.0692,-30.593
24000,-0.00235,0.0692,-31.68
24000,-0.00235,0.0692,-56.273
24100,-0.0121,0.0694,-4.853
24100,-0.0121,0.0694,-8.983
24100,-0.0121,0.0694,-13.965
24100,-0.0121,0.0694,-15.83
24100,-0.0121,0.0694,-18.151
24100,-0.0121,0.0694,-20.805
24100,-0.0121,0.0694,-23.243
24100,-0.0121,0.0694,-30.758
24100,-0.0121,0.0694,-31.506
24100,-0.0121,0.0694,-55.982
24200,-0.0067,0.0672,-4.946
24200,-0.0067,0.0672,-9.004
24200,-0.0067,0.0672,-13.942
24200,-0.0067,0.0672,-15.831
24200,-0.0067,0.0672,-18.575
24200,-0.0067,0.0672,-21.343
24200,-0.0067,0.0672,-23.152
24200,-0.0067,0.0672,-31.396
24200,-0.0067,0.0672,-31.749
24200,-0.0067,0.0672,-56.369
24300,-0.00725,0.0663,-4.911
24300,-0.00725,0.0663,-8.945
24300,-0.00725,0.0663,-13.522
24300,-0.00725,0.0663,-15.725
24300,-0.00725,0.0663,-18.607
24300,-0.00725,0.0663,-21.023
24300,-0.00725,0.0663,-22.963
24300,-0.00725,0.0663,-31.025
24300,-0.00725,0.0663,-31.739
24300,-0.00725,0.0663,-55.589
24400,0.0131,0.129,-4.877
24400,0.0131,0.129,-8.995
24400,0.0131,0.129,-14.031
24400,0.0131,0.129,-15.758
24400,0.0131,0.129,-18.562
24400,0.0131,0.129,-20.989
24400,0.0131,0.129,-23.008
24400,0.0131,0.129,-30.737
24400,0.0131,0.129,-31.802
24400,0.0131,0.129,-55.731
24500,0.0644,0.219,-4.916
24500,0.0644,0.219,-8.834
24500,0.0644,0.219,-13.841
24500,0.0644,0.219,-15.893
24500,0.0644,0.219,-18.474
24500,0.0644,0.219,-21.155
24500,0.0644,0.219,-22.907
24500,0.0644,0.219,-30.842
24500,0.0644,0.219,-31.765
24500,0.0644,0.219,-55.576
24600,-0.0365,0.0697,-4.934
24600,-0.0365,0.0697,-8.956
24600,-0.0365,0.0697,-14.046
24600,-0.0365,0.0697,-16.022
24600,-0.0365,0.0697,-18.967
24600,-0.0365,0.0697,-21.31
24600,-0.0365,0.0697,-23.703
24600,-0.0365,0.0697,-31.245
24600,-0.0365,0.0697,-32.094
24600,-0.0365,0.0697,-57.113
24700,0.0127,0.0594,-4.883
24700,0.0127,0.0594,-8.871
24700,0.0127,0.0594,-13.946
24700,0.0127,0.0594,-15.715
24700,0.0127,0.0594,-18.806
24700,0.0127,0.0594,-21.189
24700,0.0127,0.0594,-23.38
24700,0.0127,0.0594,-30.842
24700,0.0127,0.0594,-32.191
24700,0.0127,0.0594,-56.499
24800,0.0138,0.117,-4.915
24800,0.0138,0.117,-8.921
24800,0.0138,0.117,-14.003
24800,0.0138,0.117,-15.626
24800,0.0138,0.117,-18.564
24800,0.0138,0.117,-20.9
24800,0.0138,0.117,-23.462
24800,0.0138,0.117,-30.901
24800,0.0138,0.117,-31.68
24800,0.0138,0.117,-55.946
24900,-0.0774,0.19,-4.94
24900,-0.0774,0.19,-8.855
24900,-0.0774,0.19,-13.868
24900,-0.0774,0.19,-15.883
24900,-0.0774,0.19,-18.762
24900,-0.0774,0.19,-20.957
24900,-0.0774,0.19,-23.354
24900,-0.0774,0.19,-30.844
24900,-0.0774,0.19,-31.756
24900,-0.0774,0.19,-55.438
25000,0.0227,0.0986,-4.865
25000,0.0227,0.0986,-8.855
25000,0.0227,0.0986,-13.82
25000,0.0227,0.0986,-15.928
25000,0.0227,0.0986,-18.694
25000,0.0227,0.0986,-21.379
25000,0.0227,0.0986,-23.226
25000,0.0227,0.0986,-31.144
25000,0.0227,0.0986,-32.078
25000,0.0227,0.0986,-56.465
25100,0.0665,0.124,-4.828
25100,0.0665,0.124,-8.998
25100,0.0665,0.124,-13.844
25100,0.0665,0.124,-15.852
25100,0.0665,0.124,-18.464
25100,0.0665,0.124,-20.931
25100,0.0665,0.124,-23.265
25100,0.0665,0.124,-30.944
25100,0.0665,0.124,-31.541
25100,0.0665,0.124,-56.116
25200,0.0654,0.145,-4.819
25200,0.0654,0.145,-8.846
25200,0.0654,0.145,-14.003
25200,0.0654,0.145,-15.869
25200,0.0654,0.145,-18.754
25200,0.0654,0.145,-20.674
25200,0.0654,0.145,-23.258
25200,0.0654,0.145,-30.838
25200,0.0654,0.145,-31.704
25200,0.0654,0.145,-56.13
25300,0.11,0.137,-4.934
25300,0.11,0.137,-8.845
25300,0.11,0.137,-13.847
25300,0.11,0.137,-15.788
25300,0.11,0.137,-18.242
25300,0.11,0.137,-21.245
25300,0.11,0.137,-22.815
25300,0.11,0.137,-30.768
25300,0.11,0.137,-31.702
25300,0.11,0.137,-55.707
25400,0.000736,0.0645,-4.91
25400,0.000736,0.0645,-8.943
25400,0.000736,0.0645,-13.798
25400,0.000736,0.0645,-15.913
25400,0.000736,0.0645,-18.408
25400,0.000736,0.0645,-21.028
25400,0.000736,0.0645,-23.24
25400,0.000736,0.0645,-30.989
25400,0.000736,0.0645,-31.763
25400,0.000736,0.0645,-55.606
25500,-1.16,1.23,-4.832
25500,-1.16,1.23,-8.953
25500,-1.16,1.23,-14.014
25500,-1.16,1.23,-15.983
25500,-1.16,1.23,-18.907
25500,-1.16,1.23,-20.988
25500,-1.16,1.23,-23.288
25500,-1.16,1.23,-30.563
25500,-1.16,1.23,-32.065
25500,-1.16,1.23,-55.933
25600,0.00232,0.11,-4.953
25600,0.00232,0.11,-8.956
25600,0.00232,0.11,-13.961
25600,0.00232,0.11,-16.107
25600,0.00232,0.11,-18.618
25600,0.00232,0.11,-21.077
25600,0.00232,0.11,-23.693
25600,0.00232,0.11,-31.177
25600,0.00232,0.11,-31.893
25600,0.00232,0.11,-56.929
25700,0.157,0.21,-4.796
25700,0.157,0.21,-8.867
25700,0.157,0.21,-13.86
25700,0.157,0.21,-15.665
25700,0.157,0.21,-18.495
25700,0.157,0.21,-21.128
25700,0.157,0.21,-23.232
25700,0.157,0.21,-30.814
25700,0.157,0.21,-31.718
25700,0.157,0.21,-55.7
25800,-0.0151,0.0702,-4.943
25800,-0.0151,0.0702,-8.953
25800,-0.0151,0.0702,-13.961
25800,-0.0151,0.0702,-15.775
25800,-0.0151,0.0702,-18.271
25800,-0.0151,0.0702,-21.083
25800,-0.0151,0.0702,-23.212
25800,-0.0151,0.0702,-31.024
25800,-0.0151,0.0702,-31.807
25800,-0.0151,0.0702,-56.23
25900,-0.00919,0.0631,-4.997
25900,-0.00919,0.0631,-8.934
25900,-0.00919,0.0631,-13.681
25900,-0.00919,0.0631,-15.837
25900,-0.00919,0.0631,-18.523
25900,-0.00919,0.0631,-20.972
25900,-0.00919,0.0631,-23.12
25900,-0.00919,0.0631,-30.718
25900,-0.00919,0.0631,-31.632
25900,-0.00919,0.0631,-55.546
26000,0.353,0.389,-4.892
26000,0.353,0.389,-9.041
26000,0.353,0.389,-14.311
26000,0.353,0.389,-16.306
26000,0.353,0.389,-19.089
26000,0.353,0.389,-21.872
26000,0.353,0.389,-24.301
26000,0.353,0.389,-31.278
26000,0.353,0.389,-32.933
26000,0.353,0.389,-57.405
26100,0.368,0.303,-4.883
26100,0.368,0.303,-8.927
26100,0.368,0.303,-14.06
26100,0.368,0.303,-15.712
26100,0.368,0.303,-18.304
26100,0.368,0.303,-21.114
26100,0.368,0.303,-23.369
26100,0.368,0.303,-30.711
26100,0.368,0.303,-31.904
26100,0.368,0.303,-55.871
26200,-0.0364,0.189,-4.942
26200,-0.0364,0.189,-8.935
26200,-0.0364,0.189,-13.978
26200,-0.0364,0.189,-16.019
26200,-0.0364,0.189,-18.387
26200,-0.0364,0.189,-20.911
26200,-0.0364,0.189,-23.359
26200,-0.0364,0.189,-31.057
26200,-0.0364,0.189,-32.291
26200,-0.0364,0.189,-56.439
26300,-0.0365,0.108,-4.906
26300,-0.0365,0.108,-8.798
26300,-0.0365,0.108,-13.716
26300,-0.0365,0.108,-15.896
26300,-0.0365,0.108,-18.108
26300,-0.0365,0.108,-20.79
26300,-0.0365,0.108,-23.135
26300,-0.0365,0.108,-30.648
26300,-0.0365,0.108,-31.568
26300,-0.0365,0.108,-55.796
26400,0.0142,0.099,-4.847
26400,0.0142,0.099,-8.98
26400,0.0142,0.099,-13.922
26400,0.0142,0.099,-15.783
26400,0.0142,0.099,-18.399
26400,0.0142,0.099,-20.859
26400,0.0142,0.099,-23.085
26400,0.0142,0.099,-30.886
26400,0.0142,0.099,-31.746
26400,0.0142,0.099,-55.785
26500,0.00967,0.108,-4.81
26500,0.00967,0.108,-8.983
26500,0.00967,0.108,-13.85
26500,0.00967,0.108,-15.842
26500,0.00967,0.108,-18.419
26500,0.00967,0.108,-20.977
26500,0.00967,0.108,-23.164
26500,0.00967,0.108,-30.874
26500,0.00967,0.108,-31.334
26500,0.00967,0.108,-56.13
26600,0.0205,0.117,-4.988
26600,0.0205,0.117,-9.012
26600,0.0205,0.117,-13.872
26600,0.0205,0.117,-15.949
26600,0.0205,0.117,-18.445
26600,0.0205,0.117,-21.14
26600,0.0205,0.117,-23.629
26600,0.0205,0.117,-31.054
26600,0.0205,0.117,-31.865
26600,0.0205,0.117,-56.632
26700,-0.00433,0.113,-4.955
26700,-0.00433,0.113,-9.001
26700,-0.00433,0.113,-13.786
26700,-0.00433,0.113,-15.74
26700,-0.00433,0.113,-18.349
26700,-0.00433,0.113,-21.177
26700,-0.00433,0.113,-23.169
26700,-0.00433,0.113,-31.268
26700,-0.00433,0.113,-31.662
26700,-0.00433,0.113,-56.502
26800,0.0555,0.169,-4.805
26800,0.0555,0.169,-8.995
26800,0.0555,0.169,-14.113
26800,0.0555,0.169,-15.88
26800,0.0555,0.169,-18.458
26800,0.0555,0.169,-21.244
26800,0.0555,0.169,-23.404
26800,0.0555,0.169,-31.721
26800,0.0555,0.169,-32.093
26800,0.0555,0.169,-56.844
26900,-0.00952,0.0748,-4.938
26900,-0.00952,0.0748,-8.939
26900,-0.00952,0.0748,-13.875
26900,-0.00952,0.0748,-16.0
26900,-0.00952,0.0748,-18.437
26900,-0.00952,0.0748,-21.13
26900,-0.00952,0.0748,-23.019
26900,-0.00952,0.0748,-31.186
26900,-0.00952,0.0748,-31.805
26900,-0.00952,0.0748,-56.734
27000,0.011,0.116,-4.826
27000,0.011,0.116,-8.931
27000,0.011,0.116,-13.751
27000,0.011,0.116,-16.013
27000,0.011,0.116,-18.63
27000,0.011,0.116,-21.133
27000,0.011,0.116,-23.405
27000,0.011,0.116,-31.253
27000,0.011,0.116,-32.276
27000,0.011,0.116,-56.468
27100,-0.949,0.858,-4.817
27100,-0.949,0.858,-8.978
27100,-0.949,0.858,-13.845
27100,-0.949,0.858,-15.936
27100,-0.949,0.858,-18.677
27100,-0.949,0.858,-21.074
27100,-0.949,0.858,-23.405
27100,-0.949,0.858,-31.172
27100,-0.949,0.858,-31.971
27100,-0.949,0.858,-55.975
27200,-0.0348,0.126,-4.947
27200,-0.0348,0.126,-8.95
27200,-0.0348,0.126,-13.875
27200,-0.0348,0.126,-15.995
27200,-0.0348,0.126,-18.767
27200,-0.0348,0.126,-21.093
27200,-0.0348,0.126,-23.653
27200,-0.0348,0.126,-31.114
27200,-0.0348,0.126,-32.172
27200,-0.0348,0.126,-57.396
27300,0.0281,0.0804,-4.853
27300,0.0281,0.0804,-8.946
27300,0.0281,0.0804,-13.873
27300,0.0281,0.0804,-15.784
27300,0.0281,0.0804,-18.604
27300,0.0281,0.0804,-20.9
27300,0.0281,0.0804,-23.566
27300,0.0281,0.0804,-30.823
27300,0.0281,0.0804,-31.684
27300,0.0281,0.0804,-56.162
27400,-0.0146,0.0766,-4.987
27400,-0.0146,0.0766,-8.954
27400,-0.0146,0.0766,-13.955
27400,-0.0146,0.0766,-15.841
27400,-0.0146,0.0766,-18.511
27400,-0.0146,0.0766,-20.834
27400,-0.0146,0.0766,-23.212
27400,-0.0146,0.0766,-30.95
27400,-0.0146,0.0766,-31.428
27400,-0.0146,0.0766,-55.656
27500,0.0319,0.103,-4.778
27500,0.0319,0.103,-8.953
27500,0.0319,0.103,-13.593
27500,0.0319,0.103,-15.729
27500,0.0319,0.103,-18.744
27500,0.0319,0.103,-21.439
27500,0.0319,0.103,-23.818
27500,0.0319,0.103,-31.366
27500,0.0319,0.103,-32.318
27500,0.0319,0.103,-57.654
27600,0.00229,0.13,-4.918
27600,0.00229,0.13,-8.824
27600,0.00229,0.13,-14.02
27600,0.00229,0.13,-15.726
27600,0.00229,0.13,-18.745
27600,0.00229,0.13,-21.006
27600,0.00229,0.13,-23.232
27600,0.00229,0.13,-31.055
27600,0.00229,0.13,-31.906
27600,0.00229,0.13,-55.515
27700,-0.00928,0.122,-4.848
27700,-0.00928,0.122,-8.912
27700,-0.00928,0.122,-14.021
27700,-0.00928,0.122,-15.855
27700,-0.00928,0.122,-18.739
27700,-0.00928,0.122,-21.523
27700,-0.00928,0.122,-23.608
27700,-0.00928,0.122,-31.257
27700,-0.00928,0.122,-32.071
27700,-0.00928,0.122,-56.508
27800,0.0336,0.112,-4.879
27800,0.0336,0.112,-9.037
27800,0.0336,0.112,-14.032
27800,0.0336,0.112,-16.003
27800,0.0336,0.112,-18.62
27800,0.0336,0.112,-21.19
27800,0.0336,0.112,-23.609
27800,0.0336,0.112,-31.252
27800,0.0336,0.112,-31.917
27800,0.0336,0.112,-56.418
27900,-0.0165,0.0726,-4.824
27900,-0.0165,0.0726,-8.866
27900,-0.0165,0.0726,-13.88
27900,-0.0165,0.0726,-15.831
27900,-0.0165,0.0726,-18.392
27900,-0.0165,0.0726,-20.997
27900,-0.0165,0.0726,-23.079
27900,-0.0165,0.0726,-30.765
27900,-0.0165,0.0726,-31.739
27900,-0.0165,0.0726,-56.307
28000,-0.00199,0.0591,-4.901
28000,-0.00199,0.0591,-8.832
28000,-0.00199,0.0591,-13.774
28000,-0.00199,0.0591,-16.073
28000,-0.00199,0.0591,-18.335
28000,-0.00199,0.0591,-21.033
28000,-0.00199,0.0591,-23.267
28000,-0.00199,0.0591,-31.333
28000,-0.00199,0.0591,-31.942
28000,-0.00199,0.0591,-56.612
28100,0.139,0.169,-4.988
28100,0.139,0.169,-8.976
28100,0.139,0.169,-13.895
28100,0.139,0.169,-15.796
28100,0.139,0.169,-18.716
28100,0.139,0.169,-21.594
28100,0.139,0.169,-23.51
28100,0.139,0.169,-31.603
28100,0.139,0.169,-32.471
28100,0.139,0.169,-57.397
28200,0.167,0.2,-5.016
28200,0.167,0.2,-8.833
28200,0.167,0.2,-13.938
28200,0.167,0.2,-15.563
28200,0.167,0.2,-18.546
28200,0.167,0.2,-21.031
28200,0.167,0.2,-23.292
28200,0.167,0.2,-30.797
28200,0.167,0.2,-31.718
28200,0.167,0.2,-55.731
28300,0.123,0.196,-5.038
28300,0.123,0.196,-8.939
28300,0.123,0.196,-14.07
28300,0.123,0.196,-16.054
28300,0.123,0.196,-18.42
28300,0.123,0.196,-21.489
28300,0.123,0.196,-23.61
28300,0.123,0.196,-31.566
28300,0.123,0.196,-32.141
28300,0.123,0.196,-57.299
28400,-0.0288,0.127,-4.974
28400,-0.0288,0.127,-8.847
28400,-0.0288,0.127,-14.102
28400,-0.0288,0.127,-15.838
28400,-0.0288,0.127,-18.684
28400,-0.0288,0.127,-21.059
28400,-0.0288,0.127,-23.659
28400,-0.0288,0.127,-31.181
28400,-0.0288,0.127,-31.924
28400,-0.0288,0.127,-56.227
28500,0.0134,0.0703,-4.808
28500,0.0134,0.0703,-8.956
28500,0.0134,0.0703,-14.09
28500,0.0134,0.0703,-15.989
28500,0.0134,0.0703,-18.811
28500,0.0134,0.0703,-21.275
28500,0.0134,0.0703,-23.707
28500,0.0134,0.0703,-31.624
28500,0.0134,0.0703,-32.404
28500,0.0134,0.0703,-56.654
28600,-0.00551,0.065,-4.959
28600,-0.00551,0.065,-8.84
28600,-0.00551,0.065,-14.0
28600,-0.00551,0.065,-15.606
28600,-0.00551,0.065,-18.561
28600,-0.00551,0.065,-20.951
28600,-0.00551,0.065,-23.042
28600,-0.00551,0.065,-30.892
28600,-0.00551,0.065,-31.638
28600,-0.00551,0.065,-56.19
28700,-0.00451,0.0632,-4.786
28700,-0.00451,0.0632,-9.016
28700,-0.00451,0.0632,-14.024
28700,-0.00451,0.0632,-15.782
28700,-0.00451,0.0632,-18.473
28700,-0.00451,0.0632,-20.732
28700,-0.00451,0.0632,-23.261
28700,-0.00451,0.0632,-30.703
28700,-0.00451,0.0632,-32.005
28700,-0.00451,0.0632,-56.088
28800,-0.0039,0.0562,-4.846
28800,-0.0039,0.0562,-8.813
28800,-0.0039,0.0562,-14.039
28800,-0.0039,0.0562,-15.853
28800,-0.0039,0.0562,-18.777
28800,-0.0039,0.0562,-20.898
28800,-0.0039,0.0562,-23.369
28800,-0.0039,0.0562,-30.863
28800,-0.0039,0.0562,-31.818
28800,-0.0039,0.0562,-56.504
28900,-0.00531,0.126,-4.837
28900,-0.00531,0.126,-8.96
28900,-0.00531,0.126,-13.892
28900,-0.00531,0.126,-15.826
28900,-0.00531,0.126,-18.848
28900,-0.00531,0.126,-20.992
28900,-0.00531,0.126,-23.398
28900,-0.00531,0.126,-30.591
28900,-0.00531,0.126,-31.954
28900,-0.00531,0.126,-56.212
29000,-0.0577,0.133,-4.936
29000,-0.0577,0.133,-8.844
29000,-0.0577,0.133,-13.698
29000,-0.0577,0.133,-15.63
29000,-0.0577,0.133,-18.49
29000,-0.0577,0.133,-21.149
29000,-0.0577,0.133,-23.173
29000,-0.0577,0.133,-30.776
29000,-0.0577,0.133,-31.805
29000,-0.0577,0.133,-56.602
29100,-0.0356,0.304,-4.973
29100,-0.0356,0.304,-9.011
29100,-0.0356,0.304,-14.507
29100,-0.0356,0.304,-16.414
29100,-0.0356,0.304,-19.468
29100,-0.0356,0.304,-22.017
29100,-0.0356,0.304,-24.502
29100,-0.0356,0.304,-31.371
29100,-0.0356,0.304,-32.691
29100,-0.0356,0.304,-57.349
29200,-0.0308,0.0709,-5.053
29200,-0.0308,0.0709,-9.029
29200,-0.0308,0.0709,-14.093
29200,-0.0308,0.0709,-16.024
29200,-0.0308,0.0709,-18.584
29200,-0.0308,0.0709,-21.055
29200,-0.0308,0.0709,-23.573
29200,-0.0308,0.0709,-31.481
29200,-0.0308,0.0709,-32.115
29200,-0.0308,0.0709,-57.061
29300,-0.16,0.37,-4.879
29300,-0.16,0.37,-8.922
29300,-0.16,0.37,-13.842
29300,-0.16,0.37,-15.923
29300,-0.16,0.37,-18.776
29300,-0.16,0.37,-21.292
29300,-0.16,0.37,-23.546
29300,-0.16,0.37,-31.249
29300,-0.16,0.37,-32.174
29300,-0.16,0.37,-57.147
29400,0.00716,0.0618,-4.877
29400,0.00716,0.0618,-8.857
29400,0.00716,0.0618,-13.774
29400,0.00716,0.0618,-15.764
29400,0.00716,0.0618,-18.69
29400,0.00716,0.0618,-21.012
29400,0.00716,0.0618,-23.158
29400,0.00716,0.0618,-31.285
29400,0.00716,0.0618,-31.903
29400,0.00716,0.0618,-56.908
29500,0.0011,0.0659,-4.927
29500,0.0011,0.0659,-8.841
29500,0.0011,0.0659,-13.996
29500,0.0011,0.0659,-15.737
29500,0.0011,0.0659,-18.456
29500,0.0011,0.0659,-20.923
29500,0.0011,0.0659,-23.192
29500,0.0011,0.0659,-30.979
29500,0.0011,0.0659,-31.939
29500,0.0011,0.0659,-56.287
29600,0.0262,0.0786,-4.947
29600,0.0262,0.0786,-8.771
29600,0.0262,0.0786,-13.682
29600,0.0262,0.0786,-15.833
29600,0.0262,0.0786,-18.495
29600,0.0262,0.0786,-20.628
29600,0.0262,0.0786,-23.247
29600,0.0262,0.0786,-30.865
29600,0.0262,0.0786,-31.749
29600,0.0262,0.0786,-56.427
29700,0.085,0.159,-4.906
29700,0.085,0.159,-8.937
29700,0.085,0.159,-13.836
29700,0.085,0.159,-15.796
29700,0.085,0.159,-18.359
29700,0.085,0.159,-20.892
29700,0.085,0.159,-23.299
29700,0.085,0.159,-31.117
29700,0.085,0.159,-32.094
29700,0.085,0.159,-56.55
29800,0.134,0.243,-4.932
29800,0.134,0.243,-8.844
29800,0.134,0.243,-14.012
29800,0.134,0.243,-16.191
29800,0.134,0.243,-19.032
29800,0.134,0.243,-21.676
29800,0.134,0.243,-23.941
29800,0.134,0.243,-31.942
29800,0.134,0.243,-32.824
29800,0.134,0.243,-57.096
29900,-0.00572,0.179,-4.926
29900,-0.00572,0.179,-8.96
29900,-0.00572,0.179,-13.912
29900,-0.00572,0.179,-15.63
29900,-0.00572,0.179,-18.685
29900,-0.00572,0.179,-20.944
29900,-0.00572,0.179,-23.404
29900,-0.00572,0.179,-30.486
29900,-0.00572,0.179,-32.064
29900,-0.00572,0.179,-56.379
30000,-0.0163,0.161,-4.946
30000,-0.0163,0.161,-8.797
30000,-0.0163,0.161,-13.744
30000,-0.0163,0.161,-15.466
30000,-0.0163,0.161,-18.228
30000,-0.0163,0.161,-20.767
30000,-0.0163,0.161,-23.365
30000,-0.0163,0.161,-30.526
30000,-0.0163,0.161,-32.13
30000,-0.0163,0.161,-55.735
30100,0.354,0.335,-4.812
30100,0.354,0.335,-8.98
30100,0.354,0.335,-13.985
30100,0.354,0.335,-15.636
30100,0.354,0.335,-18.387
30100,0.354,0.335,-20.766
30100,0.354,0.335,-23.058
30100,0.354,0.335,-30.67
30100,0.354,0.335,-31.739
30100,0.354,0.335,-55.645
30200,0.0352,0.124,-4.867
30200,0.0352,0.124,-9.055
30200,0.0352,0.124,-14.084
30200,0.0352,0.124,-15.763
30200,0.0352,0.124,-18.492
30200,0.0352,0.124,-21.504
30200,0.0352,0.124,-23.048
30200,0.0352,0.124,-31.335
30200,0.0352,0.124,-32.179
30200,0.0352,0.124,-56.576
30300,0.0219,0.0731,-4.846
30300,0.0219,0.0731,-8.837
30300,0.0219,0.0731,-13.864
30300,0.0219,0.0731,-15.895
30300,0.0219,0.0731,-18.653
30300,0.0219,0.0731,-21.585
30300,0.0219,0.0731,-23.222
30300,0.0219,0.0731,-31.443
30300,0.0219,0.0731,-31.984
30300,0.0219,0.0731,-56.975
30400,0.0388,0.0977,-4.942
30400,0.0388,0.0977,-8.778
30400,0.0388,0.0977,-13.689
30400,0.0388,0.0977,-15.779
30400,0.0388,0.0977,-18.315
30400,0.0388,0.0977,-21.102
30400,0.0388,0.0977,-23.172
30400,0.0388,0.0977,-30.78
30400,0.0388,0.0977,-31.436
30400,0.0388,0.0977,-56.152
30500,0.0109,0.0947,-4.887
30500,0.0109,0.0947,-8.836
30500,0.0109,0.0947,-13.863
30500,0.0109,0.0947,-15.872
30500,0.0109,0.0947,-18.504
30500,0.0109,0.0947,-21.09
30500,0.0109,0.0947,-23.167
30500,0.0109,0.0947,-30.922
30500,0.0109,0.0947,-31.907
30500,0.0109,0.0947,-55.95
30600,-0.00817,0.0917,-4.924
30600,-0.00817,0.0917,-8.944
30600,-0.00817,0.0917,-13.659
30600,-0.00817,0.0917,-15.696
30600,-0.00817,0.0917,-18.425
30600,-0.00817,0.0917,-20.919
30600,-0.00817,0.0917,-23.208
30600,-0.00817,0.0917,-30.404
30600,-0.00817,0.0917,-31.687
30600,-0.00817,0.0917,-55.636
30700,0.0121,0.0663,-4.913
30700,0.0121,0.0663,-8.775
30700,0.0121,0.0663,-13.946
30700,0.0121,0.0663,-15.489
30700,0.0121,0.0663,-18.693
30700,0.0121,0.0663,-20.971
30700,0.0121,0.0663,-23.733
30700,0.0121,0.0663,-30.673
30700,0.0121,0.0663,-31.708
30700,0.0121,0.0663,-57.043
30800,-0.66,0.736,-4.823
30800,-0.66,0.736,-8.937
30800,-0.66,0.736,-13.717
30800,-0.66,0.736,-15.685
30800,-0.66,0.736,-18.4
30800,-0.66,0.736,-21.022
30800,-0.66,0.736,-22.786
30800,-0.66,0.736,-30.799
30800,-0.66,0.736,-31.778
30800,-0.66,0.736,-55.882
30900,-0.867,1.01,-4.811
30900,-0.867,1.01,-8.911
30900,-0.867,1.01,-13.842
30900,-0.867,1.01,-15.562
30900,-0.867,1.01,-18.467
30900,-0.867,1.01,-21.401
30900,-0.867,1.01,-23.078
30900,-0.867,1.01,-30.8
30900,-0.867,1.01,-32.033
30900,-0.867,1.01,-55.767
31000,-0.00364,0.0518,-4.851
31000,-0.00364,0.0518,-8.916
31000,-0.00364,0.0518,-13.843
31000,-0.00364,0.0518,-15.661
31000,-0.00364,0.0518,-18.596
31000,-0.00364,0.0518,-21.118
31000,-0.00364,0.0518,-22.922
31000,-0.00364,0.0518,-30.868
31000,-0.00364,0.0518,-31.72
31000,-0.00364,0.0518,-56.318
31100,-0.00368,0.104,-4.895
31100,-0.00368,0.104,-8.928
31100,-0.00368,0.104,-13.944
31100,-0.00368,0.104,-15.549
31100,-0.00368,0.104,-18.3
31100,-0.00368,0.104,-21.192
31100,-0.00368,0.104,-23.09
31100,-0.00368,0.104,-30.692
31100,-0.00368,0.104,-31.576
31100,-0.00368,0.104,-55.963
31200,0.0169,0.0856,-4.907
31200,0.0169,0.0856,-8.994
31200,0.0169,0.0856,-13.977
31200,0.0169,0.0856,-15.653
31200,0.0169,0.0856,-18.358
31200,0.0169,0.0856,-21.052
31200,0.0169,0.0856,-23.383
31200,0.0169,0.0856,-30.841
31200,0.0169,0.0856,-31.857
31200,0.0169,0.0856,-56.578
31300,0.0544,0.139,-4.798
31300,0.0544,0.139,-9.168
31300,0.0544,0.139,-13.93
31300,0.0544,0.139,-15.965
31300,0.0544,0.139,-18.664
31300,0.0544,0.139,-21.056
31300,0.0544,0.139,-23.107
31300,0.0544,0.139,-30.628
31300,0.0544,0.139,-31.838
31300,0.0544,0.139,-56.002
31400,-0.0158,0.166,-4.825
31400,-0.0158,0.166,-8.924
31400,-0.0158,0.166,-14.039
31400,-0.0158,0.166,-15.86
31400,-0.0158,0.166,-18.957
31400,-0.0158,0.166,-21.032
31400,-0.0158,0.166,-23.613
31400,-0.0158,0.166,-30.734
31400,-0.0158,0.166,-31.883
31400,-0.0158,0.166,-56.442
31500,-0.00755,0.0648,-4.901
31500,-0.00755,0.0648,-8.94
31500,-0.00755,0.0648,-13.673
31500,-0.00755,0.0648,-15.585
31500,-0.00755,0.0648,-18.522
31500,-0.00755,0.0648,-20.959
31500,-0.00755,0.0648,-23.402
31500,-0.00755,0.0648,-30.674
31500,-0.00755,0.0648,-32.086
31500,-0.00755,0.0648,-55.866
31600,-0.00941,0.122,-4.89
31600,-0.00941,0.122,-8.914
31600,-0.00941,0.122,-13.87
31600,-0.00941,0.122,-15.89
31600,-0.00941,0.122,-18.709
31600,-0.00941,0.122,-21.142
31600,-0.00941,0.122,-23.422
31600,-0.00941,0.122,-31.221
31600,-0.00941,0.122,-31.789
31600,-0.00941,0.122,-56.552
31700,0.0535,0.17,-4.854
31700,0.0535,0.17,-8.981
31700,0.0535,0.17,-14.047
31700,0.0535,0.17,-16.241
31700,0.0535,0.17,-19.159
31700,0.0535,0.17,-21.393
31700,0.0535,0.17,-24.248
31700,0.0535,0.17,-30.803
31700,0.0535,0.17,-32.523
31700,0.0535,0.17,-56.651
31800,0.0246,0.0923,-4.849
31800,0.0246,0.0923,-8.888
31800,0.0246,0.0923,-13.71
31800,0.0246,0.0923,-15.557
31800,0.0246,0.0923,-18.659
31800,0.0246,0.0923,-20.882
31800,0.0246,0.0923,-23.166
31800,0.0246,0.0923,-30.674
31800,0.0246,0.0923,-31.482
31800,0.0246,0.0923,-56.232
31900,-0.00584,0.0736,-4.894
31900,-0.00584,0.0736,-8.785
31900,-0.00584,0.0736,-14.232
31900,-0.00584,0.0736,-15.92
31900,-0.00584,0.0736,-18.684
31900,-0.00584,0.0736,-21.033
31900,-0.00584,0.0736,-23.518
31900,-0.00584,0.0736,-31.259
31900,-0.00584,0.0736,-32.137
31900,-0.00584,0.0736,-57.025
32000,0.0436,0.164,-4.988
32000,0.0436,0.164,-8.865
32000,0.0436,0.164,-14.102
32000,0.0436,0.164,-15.55
32000,0.0436,0.164,-18.521
32000,0.0436,0.164,-20.708
32000,0.0436,0.164,-22.901
32000,0.0436,0.164,-30.849
32000,0.0436,0.164,-31.452
32000,0.0436,0.164,-55.556
32100,0.0786,0.163,-4.916
32100,0.0786,0.163,-8.941
32100,0.0786,0.163,-14.172
32100,0.0786,0.163,-16.03
32100,0.0786,0.163,-18.557
32100,0.0786,0.163,-21.311
32100,0.0786,0.163,-23.922
32100,0.0786,0.163,-31.335
32100,0.0786,0.163,-32.598
32100,0.0786,0.163,-57.684
32200,0.251,0.256,-4.8
32200,0.251,0.256,-8.895
32200,0.251,0.256,-14.018
32200,0.251,0.256,-15.794
32200,0.251,0.256,-18.506
32200,0.251,0.256,-21.285
32200,0.251,0.256,-23.31
32200,0.251,0.256,-31.187
32200,0.251,0.256,-31.773
32200,0.251,0.256,-56.485
32300,0.252,0.247,-4.892
32300,0.252,0.247,-9.042
32300,0.252,0.247,-13.936
32300,0.252,0.247,-16.028
32300,0.252,0.247,-18.715
32300,0.252,0.247,-21.354
32300,0.252,0.247,-23.662
32300,0.252,0.247,-31.368
32300,0.252,0.247,-32.309
32300,0.252,0.247,-56.848
32400,-0.0925,0.151,-4.908
32400,-0.0925,0.151,-8.823
32400,-0.0925,0.151,-14.172
32400,-0.0925,0.151,-15.645
32400,-0.0925,0.151,-18.791
32400,-0.0925,0.151,-21.162
32400,-0.0925,0.151,-23.168
32400,-0.0925,0.151,-30.878
32400,-0.0925,0.151,-31.772
32400,-0.0925,0.151,-56.175
32500,0.00118,0.0696,-4.904
32500,0.00118,0.0696,-8.853
32500,0.00118,0.0696,-14.2
32500,0.00118,0.0696,-15.801
32500,0.00118,0.0696,-18.869
32500,0.00118,0.0696,-21.042
32500,0.00118,0.0696,-24.048
32500,0.00118,0.0696,-30.862
32500,0.00118,0.0696,-32.099
32500,0.00118,0.0696,-56.523
32600,-0.000328,0.0606,-4.935
32600,-0.000328,0.0606,-8.807
32600,-0.000328,0.0606,-13.92
32600,-0.000328,0.0606,-15.616
32600,-0.000328,0.0606,-18.584
32600,-0.000328,0.0606,-20.743
32600,-0.000328,0.0606,-23.06
32600,-0.000328,0.0606,-30.688
32600,-0.000328,0.0606,-31.658
32600,-0.000328,0.0606,-55.29
32700,-0.0539,0.189,-4.85
32700,-0.0539,0.189,-9.013
32700,-0.0539,0.189,-14.005
32700,-0.0539,0.189,-15.84
32700,-0.0539,0.189,-18.506
32700,-0.0539,0.189,-21.109
32700,-0.0539,0.189,-23.285
32700,-0.0539,0.189,-31.089
32700,-0.0539,0.189,-31.883
32700,-0.0539,0.189,-56.609
32800,0.00404,0.103,-4.875
32800,0.00404,0.103,-8.805
32800,0.00404,0.103,-13.874
32800,0.00404,0.103,-15.868
32800,0.00404,0.103,-18.543
32800,0.00404,0.103,-21.239
32800,0.00404,0.103,-23.36
32800,0.00404,0.103,-30.943
32800,0.00404,0.103,-32.067
32800,0.00404,0.103,-56.262
32900,0.0276,0.139,-4.969
32900,0.0276,0.139,-8.9
32900,0.0276,0.139,-13.97
32900,0.0276,0.139,-15.847
32900,0.0276,0.139,-18.454
32900,0.0276,0.139,-21.269
32900,0.0276,0.139,-23.041
32900,0.0276,0.139,-30.841
32900,0.0276,0.139,-31.689
32900,0.0276,0.139,-55.678
33000,-0.00172,0.0571,-4.825
33000,-0.00172,0.0571,-9.034
33000,-0.00172,0.0571,-13.695
33000,-0.00172,0.0571,-15.938
33000,-0.00172,0.0571,-18.651
33000,-0.00172,0.0571,-20.978
33000,-0.00172,0.0571,-23.408
33000,-0.00172,0.0571,-30.768
33000,-0.00172,0.0571,-32.207
33000,-0.00172,0.0571,-56.482
33100,-0.00228,0.083,-4.891
33100,-0.00228,0.083,-8.834
33100,-0.00228,0.083,-13.771
33100,-0.00228,0.083,-15.649
33100,-0.00228,0.083,-18.698
33100,-0.00228,0.083,-21.258
33100,-0.00228,0.083,-23.425
33100,-0.00228,0.083,-30.989
33100,-0.00228,0.083,-32.216
33100,-0.00228,0.083,-56.712
33200,0.0545,0.101,-4.923
33200,0.0545,0.101,-8.855
33200,0.0545,0.101,-13.701
33200,0.0545,0.101,-15.661
33200,0.0545,0.101,-18.276
33200,0.0545,0.101,-21.064
33200,0.0545,0.101,-23.303
33200,0.0545,0.101,-30.769
33200,0.0545,0.101,-31.585
33200,0.0545,0.101,-55.831
33300,-0.0509,0.111,-4.962
33300,-0.0509,0.111,-8.913
33300,-0.0509,0.111,-13.955
33300,-0.0509,0.111,-15.743
33300,-0.0509,0.111,-18.67
33300,-0.0509,0.111,-21.075
33300,-0.0509,0.111,-23.191
33300,-0.0509,0.111,-30.931
33300,-0.0509,0.111,-32.034
33300,-0.0509,0.111,-55.908
33400,0.0886,0.138,-4.94
33400,0.0886,0.138,-8.842
33400,0.0886,0.138,-13.92
33400,0.0886,0.138,-16.1
33400,0.0886,0.138,-18.776
33400,0.0886,0.138,-21.025
33400,0.0886,0.138,-23.346
33400,0.0886,0.138,-30.987
33400,0.0886,0.138,-32.105
33400,0.0886,0.138,-56.561
33500,0.0247,0.075,-4.965
33500,0.0247,0.075,-8.898
33500,0.0247,0.075,-13.761
33500,0.0247,0.075,-15.849
33500,0.0247,0.075,-18.63
33500,0.0247,0.075,-21.059
33500,0.0247,0.075,-23.423
33500,0.0247,0.075,-31.121
33500,0.0247,0.075,-31.96
33500,0.0247,0.075,-56.391
33600,-0.000388,0.097,-4.966
33600,-0.000388,0.097,-8.911
33600,-0.000388,0.097,-13.838
33600,-0.000388,0.097,-15.687
33600,-0.000388,0.097,-18.527
33600,-0.000388,0.097,-21.169
33600,-0.000388,0.097,-23.285
33600,-0.000388,0.097,-30.728
33600,-0.000388,0.097,-31.748
33600,-0.000388,0.097,-55.643
33700,-0.386,0.393,-4.918
33700,-0.386,0.393,-8.941
33700,-0.386,0.393,-13.617
33700,-0.386,0.393,-15.654
33700,-0.386,0.393,-18.543
33700,-0.386,0.393,-20.97
33700,-0.386,0.393,-23.166
33700,-0.386,0.393,-30.766
33700,-0.386,0.393,-31.972
33700,-0.386,0.393,-55.492
33800,-0.00883,0.129,-5.018
33800,-0.00883,0.129,-9.01
33800,-0.00883,0.129,-14.118
33800,-0.00883,0.129,-16.236
33800,-0.00883,0.129,-19.188
33800,-0.00883,0.129,-21.714
33800,-0.00883,0.129,-24.094
33800,-0.00883,0.129,-31.344
33800,-0.00883,0.129,-32.563
33800,-0.00883,0.129,-57.322
33900,-0.0262,0.0699,-4.945
33900,-0.0262,0.0699,-8.991
33900,-0.0262,0.0699,-13.89
33900,-0.0262,0.0699,-16.015
33900,-0.0262,0.0699,-18.583
33900,-0.0262,0.0699,-21.492
33900,-0.0262,0.0699,-23.401
33900,-0.0262,0.0699,-31.289
33900,-0.0262,0.0699,-32.166
33900,-0.0262,0.0699,-56.91
34000,0.122,0.186,-5.017
34000,0.122,0.186,-8.895
34000,0.122,0.186,-13.953
34000,0.122,0.186,-15.505
34000,0.122,0.186,-18.438
34000,0.122,0.186,-21.022
34000,0.122,0.186,-23.268
34000,0.122,0.186,-30.822
34000,0.122,0.186,-31.763
34000,0.122,0.186,-56.0
34100,-0.0937,0.159,-4.849
34100,-0.0937,0.159,-9.142
34100,-0.0937,0.159,-13.936
34100,-0.0937,0.159,-15.851
34100,-0.0937,0.159,-18.405
34100,-0.0937,0.159,-21.149
34100,-0.0937,0.159,-22.928
34100,-0.0937,0.159,-30.92
34100,-0.0937,0.159,-31.668
34100,-0.0937,0.159,-55.505
34200,-0.0443,0.107,-4.925
34200,-0.0443,0.107,-8.902
34200,-0.0443,0.107,-13.921
34200,-0.0443,0.107,-15.716
34200,-0.0443,0.107,-18.481
34200,-0.0443,0.107,-21.173
34200,-0.0443,0.107,-23.063
34200,-0.0443,0.107,-30.842
34200,-0.0443,0.107,-32.02
34200,-0.0443,0.107,-56.282
34300,0.00194,0.0657,-4.898
34300,0.00194,0.0657,-8.98
34300,0.00194,0.0657,-13.675
34300,0.00194,0.0657,-15.695
34300,0.00194,0.0657,-18.59
34300,0.00194,0.0657,-20.921
34300,0.00194,0.0657,-23.009
34300,0.00194,0.0657,-30.738
34300,0.00194,0.0657,-31.623
34300,0.00194,0.0657,-55.718
34400,0.0135,0.1,-4.899
34400,0.0135,0.1,-8.991
34400,0.0135,0.1,-13.817
34400,0.0135,0.1,-15.605
34400,0.0135,0.1,-18.589
34400,0.0135,0.1,-20.537
34400,0.0135,0.1,-23.257
34400,0.0135,0.1,-30.612
34400,0.0135,0.1,-31.626
34400,0.0135,0.1,-55.934
34500,-0.0449,0.185,-4.84
34500,-0.0449,0.185,-8.941
34500,-0.0449,0.185,-13.934
34500,-0.0449,0.185,-15.678
34500,-0.0449,0.185,-18.527
34500,-0.0449,0.185,-20.877
34500,-0.0449,0.185,-23.006
34500,-0.0449,0.185,-30.873
34500,-0.0449,0.185,-31.442
34500,-0.0449,0.185,-55.996
34600,-0.0121,0.0611,-4.884
34600,-0.0121,0.0611,-8.931
34600,-0.0121,0.0611,-13.634
34600,-0.0121,0.0611,-15.835
34600,-0.0121,0.0611,-18.582
34600,-0.0121,0.0611,-21.115
34600,-0.0121,0.0611,-23.261
34600,-0.0121,0.0611,-30.9
34600,-0.0121,0.0611,-31.989
34600,-0.0121,0.0611,-56.368
34700,-0.0724,0.186,-4.856
34700,-0.0724,0.186,-8.863
34700,-0.0724,0.186,-13.932
34700,-0.0724,0.186,-15.714
34700,-0.0724,0.186,-18.663
34700,-0.0724,0.186,-21.119
34700,-0.0724,0.186,-23.216
34700,-0.0724,0.186,-30.73
34700,-0.0724,0.186,-31.739
34700,-0.0724,0.186,-55.668
34800,0.197,0.2,-4.778
34800,0.197,0.2,-9.035
34800,0.197,0.2,-14.098
34800,0.197,0.2,-15.787
34800,0.197,0.2,-18.617
34800,0.197,0.2,-20.869
34800,0.197,0.2,-23.341
34800,0.197,0.2,-30.774
34800,0.197,0.2,-31.527
34800,0.197,0.2,-56.49
34900,-0.415,0.524,-4.872
34900,-0.415,0.524,-9.022
34900,-0.415,0.524,-13.87
34900,-0.415,0.524,-15.655
34900,-0.415,0.524,-18.479
34900,-0.415,0.524,-20.958
34900,-0.415,0.524,-23.176
34900,-0.415,0.524,-30.842
34900,-0.415,0.524,-31.698
34900,-0.415,0.524,-56.104
35000,-0.00297,0.0569,-4.891
35000,-0.00297,0.0569,-8.847
35000,-0.00297,0.0569,-13.858
35000,-0.00297,0.0569,-15.638
35000,-0.00297,0.0569,-18.633
35000,-0.00297,0.0569,-20.933
35000,-0.00297,0.0569,-23.322
35000,-0.00297,0.0569,-30.423
35000,-0.00297,0.0569,-31.885
35000,-0.00297,0.0569,-55.754
