0, -7.06e-02,2.44e-01, -4.8960
0, -7.06e-02,2.44e-01, -9.1610
0, -7.06e-02,2.44e-01, -14.1040
0, -7.06e-02,2.44e-01, -15.8910
0, -7.06e-02,2.44e-01, -18.6760
0, -7.06e-02,2.44e-01, -21.4670
0, -7.06e-02,2.44e-01, -23.6270
0, -7.06e-02,2.44e-01, -31.4490
0, -7.06e-02,2.44e-01, -32.1350
0, -7.06e-02,2.44e-01, -56.7370
100, -2.67e-02,1.49e-01, -4.8650
100, -2.67e-02,1.49e-01, -9.1190
100, -2.67e-02,1.49e-01, -14.2430
100, -2.67e-02,1.49e-01, -16.1520
100, -2.67e-02,1.49e-01, -18.7940
100, -2.67e-02,1.49e-01, -21.2860
100, -2.67e-02,1.49e-01, -23.5840
100, -2.67e-02,1.49e-01, -31.3960
100, -2.67e-02,1.49e-01, -32.2150
100, -2.67e-02,1.49e-01, -57.0890
200, -5.10e-03,1.75e-01, -4.8970
200, -5.10e-03,1.75e-01, -8.9960
200, -5.10e-03,1.75e-01, -14.3580
200, -5.10e-03,1.75e-01, -15.9960
200, -5.10e-03,1.75e-01, -18.3420
200, -5.10e-03,1.75e-01, -21.5540
200, -5.10e-03,1.75e-01, -23.7660
200, -5.10e-03,1.75e-01, -31.6990
200, -5.10e-03,1.75e-01, -32.1080
200, -5.10e-03,1.75e-01, -57.7990
300, 5.66e-02,1.69e-01, -4.9690
300, 5.66e-02,1.69e-01, -9.2260
300, 5.66e-02,1.69e-01, -14.1720
300, 5.66e-02,1.69e-01, -16.1430
300, 5.66e-02,1.69e-01, -18.8290
300, 5.66e-02,1.69e-01, -21.1220
300, 5.66e-02,1.69e-01, -23.7230
300, 5.66e-02,1.69e-01, -31.8220
300, 5.66e-02,1.69e-01, -32.2490
300, 5.66e-02,1.69e-01, -57.4780
400, 1.52e-02,1.44e-01, -4.8930
400, 1.52e-02,1.44e-01, -9.1360
400, 1.52e-02,1.44e-01, -14.2120
400, 1.52e-02,1.44e-01, -15.8500
400, 1.52e-02,1.44e-01, -19.0350
400, 1.52e-02,1.44e-01, -21.3120
400, 1.52e-02,1.44e-01, -23.4430
400, 1.52e-02,1.44e-01, -31.1520
400, 1.52e-02,1.44e-01, -32.2830
400, 1.52e-02,1.44e-01, -56.7620
500, 1.34e-02,1.97e-01, -4.8870
500, 1.34e-02,1.97e-01, -9.1800
500, 1.34e-02,1.97e-01, -14.2280
500, 1.34e-02,1.97e-01, -16.1540
500, 1.34e-02,1.97e-01, -18.9990
500, 1.34e-02,1.97e-01, -21.4820
500, 1.34e-02,1.97e-01, -23.6250
500, 1.34e-02,1.97e-01, -31.5470
500, 1.34e-02,1.97e-01, -32.4430
500, 1.34e-02,1.97e-01, -57.6570
600, 1.25e-02,1.46e-01, -4.8870
600, 1.25e-02,1.46e-01, -9.2640
600, 1.25e-02,1.46e-01, -14.4680
600, 1.25e-02,1.46e-01, -15.8120
600, 1.25e-02,1.46e-01, -18.6350
600, 1.25e-02,1.46e-01, -21.3440
600, 1.25e-02,1.46e-01, -23.6190
600, 1.25e-02,1.46e-01, -31.5530
600, 1.25e-02,1.46e-01, -31.8470
600, 1.25e-02,1.46e-01, -56.6100
700, -2.54e-02,1.88e-01, -4.9170
700, -2.54e-02,1.88e-01, -9.3710
700, -2.54e-02,1.88e-01, -14.0420
700, -2.54e-02,1.88e-01, -15.9950
700, -2.54e-02,1.88e-01, -18.3250
700, -2.54e-02,1.88e-01, -21.6400
700, -2.54e-02,1.88e-01, -23.9890
700, -2.54e-02,1.88e-01, -31.8310
700, -2.54e-02,1.88e-01, -32.2150
700, -2.54e-02,1.88e-01, -57.4520
800, 2.31e-02,1.81e-01, -4.9210
800, 2.31e-02,1.81e-01, -9.2980
800, 2.31e-02,1.81e-01, -14.3590
800, 2.31e-02,1.81e-01, -16.2140
800, 2.31e-02,1.81e-01, -18.9330
800, 2.31e-02,1.81e-01, -21.6370
800, 2.31e-02,1.81e-01, -23.6750
800, 2.31e-02,1.81e-01, -31.7390
800, 2.31e-02,1.81e-01, -32.4450
800, 2.31e-02,1.81e-01, -58.2360
900, -7.16e-02,1.84e-01, -4.9240
900, -7.16e-02,1.84e-01, -9.3310
900, -7.16e-02,1.84e-01, -14.2350
900, -7.16e-02,1.84e-01, -15.9930
900, -7.16e-02,1.84e-01, -18.9230
900, -7.16e-02,1.84e-01, -21.5890
900, -7.16e-02,1.84e-01, -23.7250
900, -7.16e-02,1.84e-01, -31.1600
900, -7.16e-02,1.84e-01, -32.4320
900, -7.16e-02,1.84e-01, -57.8490
1000, 4.76e-02,1.35e-01, -4.9460
1000, 4.76e-02,1.35e-01, -9.3710
1000, 4.76e-02,1.35e-01, -14.1570
1000, 4.76e-02,1.35e-01, -15.8970
1000, 4.76e-02,1.35e-01, -18.7940
1000, 4.76e-02,1.35e-01, -21.6800
1000, 4.76e-02,1.35e-01, -23.5720
1000, 4.76e-02,1.35e-01, -31.3110
1000, 4.76e-02,1.35e-01, -32.4350
1000, 4.76e-02,1.35e-01, -57.7330
1100, 2.79e-02,1.49e-01, -4.9570
1100, 2.79e-02,1.49e-01, -9.2490
1100, 2.79e-02,1.49e-01, -14.1960
1100, 2.79e-02,1.49e-01, -16.1990
1100, 2.79e-02,1.49e-01, -18.5770
1100, 2.79e-02,1.49e-01, -21.2290
1100, 2.79e-02,1.49e-01, -23.8410
1100, 2.79e-02,1.49e-01, -31.5320
1100, 2.79e-02,1.49e-01, -32.3910
1100, 2.79e-02,1.49e-01, -57.2240
1200, -1.13e-02,1.73e-01, -4.9940
1200, -1.13e-02,1.73e-01, -9.1980
1200, -1.13e-02,1.73e-01, -14.1580
1200, -1.13e-02,1.73e-01, -15.9900
1200, -1.13e-02,1.73e-01, -18.8030
1200, -1.13e-02,1.73e-01, -21.4190
1200, -1.13e-02,1.73e-01, -23.8890
1200, -1.13e-02,1.73e-01, -31.4190
1200, -1.13e-02,1.73e-01, -32.4710
1200, -1.13e-02,1.73e-01, -57.2330
1300, 5.53e-02,1.88e-01, -4.9530
1300, 5.53e-02,1.88e-01, -9.2150
1300, 5.53e-02,1.88e-01, -14.2410
1300, 5.53e-02,1.88e-01, -16.2670
1300, 5.53e-02,1.88e-01, -18.8510
1300, 5.53e-02,1.88e-01, -21.4470
1300, 5.53e-02,1.88e-01, -23.9340
1300, 5.53e-02,1.88e-01, -31.8960
1300, 5.53e-02,1.88e-01, -32.7100
1300, 5.53e-02,1.88e-01, -57.6530
1400, -9.13e-04,1.75e-01, -4.9450
1400, -9.13e-04,1.75e-01, -9.2130
1400, -9.13e-04,1.75e-01, -14.0350
1400, -9.13e-04,1.75e-01, -15.8100
1400, -9.13e-04,1.75e-01, -18.4860
1400, -9.13e-04,1.75e-01, -21.3070
1400, -9.13e-04,1.75e-01, -23.4680
1400, -9.13e-04,1.75e-01, -31.5320
1400, -9.13e-04,1.75e-01, -32.3060
1400, -9.13e-04,1.75e-01, -57.5710
1500, 3.35e-02,2.00e-01, -4.9910
1500, 3.35e-02,2.00e-01, -9.1530
1500, 3.35e-02,2.00e-01, -13.9920
1500, 3.35e-02,2.00e-01, -15.9030
1500, 3.35e-02,2.00e-01, -18.7400
1500, 3.35e-02,2.00e-01, -21.4780
1500, 3.35e-02,2.00e-01, -23.2230
1500, 3.35e-02,2.00e-01, -31.3830
1500, 3.35e-02,2.00e-01, -32.3630
1500, 3.35e-02,2.00e-01, -57.0370
1600, 8.51e-02,1.59e-01, -4.9750
1600, 8.51e-02,1.59e-01, -9.2210
1600, 8.51e-02,1.59e-01, -14.2720
1600, 8.51e-02,1.59e-01, -15.8230
1600, 8.51e-02,1.59e-01, -18.8960
1600, 8.51e-02,1.59e-01, -21.4320
1600, 8.51e-02,1.59e-01, -23.6420
1600, 8.51e-02,1.59e-01, -31.5520
1600, 8.51e-02,1.59e-01, -32.5560
1600, 8.51e-02,1.59e-01, -58.0620
1700, -4.98e-02,1.72e-01, -4.9620
1700, -4.98e-02,1.72e-01, -9.1080
1700, -4.98e-02,1.72e-01, -14.0110
1700, -4.98e-02,1.72e-01, -15.8980
1700, -4.98e-02,1.72e-01, -18.8980
1700, -4.98e-02,1.72e-01, -21.4240
1700, -4.98e-02,1.72e-01, -23.3170
1700, -4.98e-02,1.72e-01, -31.3210
1700, -4.98e-02,1.72e-01, -32.2400
1700, -4.98e-02,1.72e-01, -56.5270
1800, 6.68e-06,1.69e-01, -4.9170
1800, 6.68e-06,1.69e-01, -9.1960
1800, 6.68e-06,1.69e-01, -14.1180
1800, 6.68e-06,1.69e-01, -15.9580
1800, 6.68e-06,1.69e-01, -18.9690
1800, 6.68e-06,1.69e-01, -21.4920
1800, 6.68e-06,1.69e-01, -23.5210
1800, 6.68e-06,1.69e-01, -31.3000
1800, 6.68e-06,1.69e-01, -32.4460
1800, 6.68e-06,1.69e-01, -57.1340
1900, 1.23e-02,1.49e-01, -4.9070
1900, 1.23e-02,1.49e-01, -9.0790
1900, 1.23e-02,1.49e-01, -14.0200
1900, 1.23e-02,1.49e-01, -15.9180
1900, 1.23e-02,1.49e-01, -18.7130
1900, 1.23e-02,1.49e-01, -21.1710
1900, 1.23e-02,1.49e-01, -23.5060
1900, 1.23e-02,1.49e-01, -31.3980
1900, 1.23e-02,1.49e-01, -32.2040
1900, 1.23e-02,1.49e-01, -57.0710
2000, 1.17e-01,1.45e-01, -4.9620
2000, 1.17e-01,1.45e-01, -9.3920
2000, 1.17e-01,1.45e-01, -14.3140
2000, 1.17e-01,1.45e-01, -16.0460
2000, 1.17e-01,1.45e-01, -19.0840
2000, 1.17e-01,1.45e-01, -21.5600
2000, 1.17e-01,1.45e-01, -24.0820
2000, 1.17e-01,1.45e-01, -31.4480
2000, 1.17e-01,1.45e-01, -32.5500
2000, 1.17e-01,1.45e-01, -57.4000
2100, -1.53e-03,2.07e-01, -4.9390
2100, -1.53e-03,2.07e-01, -9.0680
2100, -1.53e-03,2.07e-01, -14.0420
2100, -1.53e-03,2.07e-01, -15.7160
2100, -1.53e-03,2.07e-01, -18.9480
2100, -1.53e-03,2.07e-01, -21.3540
2100, -1.53e-03,2.07e-01, -23.4500
2100, -1.53e-03,2.07e-01, -30.8930
2100, -1.53e-03,2.07e-01, -32.2090
2100, -1.53e-03,2.07e-01, -56.5730
2200, -6.32e-02,1.83e-01, -4.9790
2200, -6.32e-02,1.83e-01, -9.1380
2200, -6.32e-02,1.83e-01, -14.1710
2200, -6.32e-02,1.83e-01, -15.7490
2200, -6.32e-02,1.83e-01, -18.8070
2200, -6.32e-02,1.83e-01, -21.5310
2200, -6.32e-02,1.83e-01, -23.7280
2200, -6.32e-02,1.83e-01, -32.1820
2200, -6.32e-02,1.83e-01, -34.1630
2200, -6.32e-02,1.83e-01, -64.7380
2300, -2.53e-02,1.57e-01, -4.9760
2300, -2.53e-02,1.57e-01, -9.0770
2300, -2.53e-02,1.57e-01, -14.2010
2300, -2.53e-02,1.57e-01, -16.0290
2300, -2.53e-02,1.57e-01, -18.9350
2300, -2.53e-02,1.57e-01, -21.5870
2300, -2.53e-02,1.57e-01, -23.9840
2300, -2.53e-02,1.57e-01, -31.6710
2300, -2.53e-02,1.57e-01, -32.7570
2300, -2.53e-02,1.57e-01, -58.2080
2400, -3.03e-02,1.32e-01, -4.9810
2400, -3.03e-02,1.32e-01, -9.0450
2400, -3.03e-02,1.32e-01, -13.9670
2400, -3.03e-02,1.32e-01, -16.2730
2400, -3.03e-02,1.32e-01, -18.8970
2400, -3.03e-02,1.32e-01, -21.4510
2400, -3.03e-02,1.32e-01, -23.9000
2400, -3.03e-02,1.32e-01, -31.5310
2400, -3.03e-02,1.32e-01, -32.6470
2400, -3.03e-02,1.32e-01, -58.2000
2500, 2.03e-02,1.79e-01, -4.9830
2500, 2.03e-02,1.79e-01, -9.0480
2500, 2.03e-02,1.79e-01, -14.1200
2500, 2.03e-02,1.79e-01, -16.0150
2500, 2.03e-02,1.79e-01, -18.6950
2500, 2.03e-02,1.79e-01, -21.6540
2500, 2.03e-02,1.79e-01, -24.1440
2500, 2.03e-02,1.79e-01, -32.2120
2500, 2.03e-02,1.79e-01, -32.8190
2500, 2.03e-02,1.79e-01, -58.9950
2600, -1.12e-02,1.68e-01, -5.0020
2600, -1.12e-02,1.68e-01, -9.1940
2600, -1.12e-02,1.68e-01, -14.3190
2600, -1.12e-02,1.68e-01, -16.2560
2600, -1.12e-02,1.68e-01, -19.3800
2600, -1.12e-02,1.68e-01, -21.7540
2600, -1.12e-02,1.68e-01, -24.1380
2600, -1.12e-02,1.68e-01, -32.0320
2600, -1.12e-02,1.68e-01, -33.0900
2600, -1.12e-02,1.68e-01, -58.3020
2700, 1.61e-02,1.93e-01, -4.9740
2700, 1.61e-02,1.93e-01, -9.2460
2700, 1.61e-02,1.93e-01, -14.2350
2700, 1.61e-02,1.93e-01, -16.2850
2700, 1.61e-02,1.93e-01, -18.7970
2700, 1.61e-02,1.93e-01, -21.7800
2700, 1.61e-02,1.93e-01, -24.0760
2700, 1.61e-02,1.93e-01, -31.9070
2700, 1.61e-02,1.93e-01, -32.7400
2700, 1.61e-02,1.93e-01, -58.0190
2800, -3.00e-02,1.33e-01, -5.0420
2800, -3.00e-02,1.33e-01, -9.1080
2800, -3.00e-02,1.33e-01, -14.2150
2800, -3.00e-02,1.33e-01, -16.1430
2800, -3.00e-02,1.33e-01, -18.9980
2800, -3.00e-02,1.33e-01, -21.4650
2800, -3.00e-02,1.33e-01, -23.9220
2800, -3.00e-02,1.33e-01, -31.8010
2800, -3.00e-02,1.33e-01, -32.8910
2800, -3.00e-02,1.33e-01, -57.8080
2900, -5.43e-02,1.36e-01, -4.9590
2900, -5.43e-02,1.36e-01, -9.2060
2900, -5.43e-02,1.36e-01, -14.2200
2900, -5.43e-02,1.36e-01, -15.7660
2900, -5.43e-02,1.36e-01, -18.7050
2900, -5.43e-02,1.36e-01, -21.3560
2900, -5.43e-02,1.36e-01, -23.3490
2900, -5.43e-02,1.36e-01, -31.3500
2900, -5.43e-02,1.36e-01, -32.1560
2900, -5.43e-02,1.36e-01, -57.0510
3000, -5.13e-02,1.84e-01, -4.9120
3000, -5.13e-02,1.84e-01, -8.9970
3000, -5.13e-02,1.84e-01, -13.9510
3000, -5.13e-02,1.84e-01, -15.8440
3000, -5.13e-02,1.84e-01, -18.8310
3000, -5.13e-02,1.84e-01, -21.4230
3000, -5.13e-02,1.84e-01, -23.7390
3000, -5.13e-02,1.84e-01, -31.5510
3000, -5.13e-02,1.84e-01, -32.3600
3000, -5.13e-02,1.84e-01, -57.3540
3100, 1.40e-02,1.44e-01, -4.9930
3100, 1.40e-02,1.44e-01, -9.1630
3100, 1.40e-02,1.44e-01, -14.1190
3100, 1.40e-02,1.44e-01, -15.7800
3100, 1.40e-02,1.44e-01, -18.7400
3100, 1.40e-02,1.44e-01, -21.3330
3100, 1.40e-02,1.44e-01, -23.6010
3100, 1.40e-02,1.44e-01, -31.7750
3100, 1.40e-02,1.44e-01, -32.6390
3100, 1.40e-02,1.44e-01, -57.7160
3200, 7.15e-02,1.52e-01, -4.9300
3200, 7.15e-02,1.52e-01, -9.1460
3200, 7.15e-02,1.52e-01, -14.0190
3200, 7.15e-02,1.52e-01, -15.9550
3200, 7.15e-02,1.52e-01, -18.6730
3200, 7.15e-02,1.52e-01, -21.4120
3200, 7.15e-02,1.52e-01, -23.5650
3200, 7.15e-02,1.52e-01, -31.1250
3200, 7.15e-02,1.52e-01, -32.2950
3200, 7.15e-02,1.52e-01, -57.4790
3300, -3.03e-02,1.70e-01, -5.0350
3300, -3.03e-02,1.70e-01, -9.1520
3300, -3.03e-02,1.70e-01, -14.0530
3300, -3.03e-02,1.70e-01, -16.1740
3300, -3.03e-02,1.70e-01, -18.5770
3300, -3.03e-02,1.70e-01, -21.5440
3300, -3.03e-02,1.70e-01, -23.7990
3300, -3.03e-02,1.70e-01, -31.8360
3300, -3.03e-02,1.70e-01, -32.4200
3300, -3.03e-02,1.70e-01, -57.8870
3400, -4.09e-02,1.65e-01, -4.9140
3400, -4.09e-02,1.65e-01, -9.2120
3400, -4.09e-02,1.65e-01, -13.9990
3400, -4.09e-02,1.65e-01, -15.8710
3400, -4.09e-02,1.65e-01, -18.6580
3400, -4.09e-02,1.65e-01, -21.4450
3400, -4.09e-02,1.65e-01, -23.3620
3400, -4.09e-02,1.65e-01, -31.4300
3400, -4.09e-02,1.65e-01, -32.1950
3400, -4.09e-02,1.65e-01, -57.6400
3500, 1.33e-02,1.40e-01, -4.9610
3500, 1.33e-02,1.40e-01, -9.1920
3500, 1.33e-02,1.40e-01, -14.2390
3500, 1.33e-02,1.40e-01, -15.8880
3500, 1.33e-02,1.40e-01, -18.6770
3500, 1.33e-02,1.40e-01, -21.3970
3500, 1.33e-02,1.40e-01, -23.1530
3500, 1.33e-02,1.40e-01, -31.4570
3500, 1.33e-02,1.40e-01, -32.3030
3500, 1.33e-02,1.40e-01, -57.3920
3600, -4.39e-02,1.38e-01, -5.0210
3600, -4.39e-02,1.38e-01, -9.0170
3600, -4.39e-02,1.38e-01, -13.9980
3600, -4.39e-02,1.38e-01, -15.7250
3600, -4.39e-02,1.38e-01, -18.6540
3600, -4.39e-02,1.38e-01, -21.1810
3600, -4.39e-02,1.38e-01, -23.6120
3600, -4.39e-02,1.38e-01, -31.2980
3600, -4.39e-02,1.38e-01, -32.1880
3600, -4.39e-02,1.38e-01, -57.0340
3700, -2.44e-02,1.63e-01, -4.8860
3700, -2.44e-02,1.63e-01, -9.0960
3700, -2.44e-02,1.63e-01, -14.1100
3700, -2.44e-02,1.63e-01, -16.0640
3700, -2.44e-02,1.63e-01, -18.6700
3700, -2.44e-02,1.63e-01, -21.3460
3700, -2.44e-02,1.63e-01, -23.1550
3700, -2.44e-02,1.63e-01, -31.0860
3700, -2.44e-02,1.63e-01, -32.2970
3700, -2.44e-02,1.63e-01, -56.3870
3800, 1.00e-01,1.80e-01, -5.0070
3800, 1.00e-01,1.80e-01, -9.0450
3800, 1.00e-01,1.80e-01, -14.2590
3800, 1.00e-01,1.80e-01, -16.0180
3800, 1.00e-01,1.80e-01, -18.7810
3800, 1.00e-01,1.80e-01, -21.3860
3800, 1.00e-01,1.80e-01, -23.5230
3800, 1.00e-01,1.80e-01, -31.3720
3800, 1.00e-01,1.80e-01, -32.2640
3800, 1.00e-01,1.80e-01, -57.4140
3900, -4.41e-02,1.68e-01, -5.0780
3900, -4.41e-02,1.68e-01, -9.0570
3900, -4.41e-02,1.68e-01, -14.3190
3900, -4.41e-02,1.68e-01, -16.0740
3900, -4.41e-02,1.68e-01, -18.8600
3900, -4.41e-02,1.68e-01, -21.6200
3900, -4.41e-02,1.68e-01, -23.5550
3900, -4.41e-02,1.68e-01, -31.7580
3900, -4.41e-02,1.68e-01, -32.4480
3900, -4.41e-02,1.68e-01, -58.1020
4000, 2.59e-02,1.81e-01, -5.0790
4000, 2.59e-02,1.81e-01, -9.2100
4000, 2.59e-02,1.81e-01, -14.1510
4000, 2.59e-02,1.81e-01, -15.9530
4000, 2.59e-02,1.81e-01, -18.9730
4000, 2.59e-02,1.81e-01, -21.6020
4000, 2.59e-02,1.81e-01, -23.9210
4000, 2.59e-02,1.81e-01, -32.3380
4000, 2.59e-02,1.81e-01, -33.1830
4000, 2.59e-02,1.81e-01, -59.4610
4100, -1.59e-02,1.64e-01, -4.9630
4100, -1.59e-02,1.64e-01, -9.0710
4100, -1.59e-02,1.64e-01, -14.1580
4100, -1.59e-02,1.64e-01, -16.0380
4100, -1.59e-02,1.64e-01, -18.7160
4100, -1.59e-02,1.64e-01, -21.6220
4100, -1.59e-02,1.64e-01, -23.8540
4100, -1.59e-02,1.64e-01, -32.0340
4100, -1.59e-02,1.64e-01, -33.0340
4100, -1.59e-02,1.64e-01, -59.8970
4200, 4.66e-02,1.65e-01, -5.0400
4200, 4.66e-02,1.65e-01, -9.0260
4200, 4.66e-02,1.65e-01, -14.0500
4200, 4.66e-02,1.65e-01, -15.8330
4200, 4.66e-02,1.65e-01, -18.6420
4200, 4.66e-02,1.65e-01, -21.5360
4200, 4.66e-02,1.65e-01, -23.3050
4200, 4.66e-02,1.65e-01, -31.4460
4200, 4.66e-02,1.65e-01, -32.1750
4200, 4.66e-02,1.65e-01, -57.6770
4300, 4.39e-02,1.29e-01, -5.0430
4300, 4.39e-02,1.29e-01, -9.1460
4300, 4.39e-02,1.29e-01, -14.3410
4300, 4.39e-02,1.29e-01, -16.0710
4300, 4.39e-02,1.29e-01, -18.7140
4300, 4.39e-02,1.29e-01, -21.3220
4300, 4.39e-02,1.29e-01, -23.5400
4300, 4.39e-02,1.29e-01, -31.4930
4300, 4.39e-02,1.29e-01, -32.1110
4300, 4.39e-02,1.29e-01, -57.1420
4400, 2.00e-02,1.69e-01, -5.0280
4400, 2.00e-02,1.69e-01, -9.0960
4400, 2.00e-02,1.69e-01, -13.9290
4400, 2.00e-02,1.69e-01, -15.8710
4400, 2.00e-02,1.69e-01, -18.6510
4400, 2.00e-02,1.69e-01, -21.7550
4400, 2.00e-02,1.69e-01, -23.4790
4400, 2.00e-02,1.69e-01, -31.6240
4400, 2.00e-02,1.69e-01, -32.9050
4400, 2.00e-02,1.69e-01, -59.7760
4500, 3.55e-03,1.29e-01, -4.9340
4500, 3.55e-03,1.29e-01, -9.0860
4500, 3.55e-03,1.29e-01, -14.2080
4500, 3.55e-03,1.29e-01, -16.1220
4500, 3.55e-03,1.29e-01, -18.8810
4500, 3.55e-03,1.29e-01, -21.5770
4500, 3.55e-03,1.29e-01, -23.6420
4500, 3.55e-03,1.29e-01, -31.7400
4500, 3.55e-03,1.29e-01, -32.3300
4500, 3.55e-03,1.29e-01, -58.2910
4600, -5.89e-02,1.92e-01, -5.0270
4600, -5.89e-02,1.92e-01, -9.0070
4600, -5.89e-02,1.92e-01, -14.0820
4600, -5.89e-02,1.92e-01, -15.9700
4600, -5.89e-02,1.92e-01, -18.9380
4600, -5.89e-02,1.92e-01, -21.8790
4600, -5.89e-02,1.92e-01, -23.7190
4600, -5.89e-02,1.92e-01, -31.9150
4600, -5.89e-02,1.92e-01, -32.8190
4600, -5.89e-02,1.92e-01, -59.6430
4700, -1.38e-02,1.77e-01, -4.9120
4700, -1.38e-02,1.77e-01, -9.0030
4700, -1.38e-02,1.77e-01, -13.9520
4700, -1.38e-02,1.77e-01, -15.9610
4700, -1.38e-02,1.77e-01, -18.8000
4700, -1.38e-02,1.77e-01, -21.1220
4700, -1.38e-02,1.77e-01, -23.4630
4700, -1.38e-02,1.77e-01, -30.9940
4700, -1.38e-02,1.77e-01, -32.1130
4700, -1.38e-02,1.77e-01, -56.4890
4800, 1.09e-02,1.98e-01, -5.0140
4800, 1.09e-02,1.98e-01, -9.1830
4800, 1.09e-02,1.98e-01, -14.1240
4800, 1.09e-02,1.98e-01, -16.1700
4800, 1.09e-02,1.98e-01, -18.8880
4800, 1.09e-02,1.98e-01, -21.4440
4800, 1.09e-02,1.98e-01, -23.8340
4800, 1.09e-02,1.98e-01, -32.3550
4800, 1.09e-02,1.98e-01, -33.2200
4800, 1.09e-02,1.98e-01, -60.3560
4900, 7.78e-02,1.73e-01, -5.0350
4900, 7.78e-02,1.73e-01, -9.0590
4900, 7.78e-02,1.73e-01, -14.0670
4900, 7.78e-02,1.73e-01, -15.9780
4900, 7.78e-02,1.73e-01, -19.0260
4900, 7.78e-02,1.73e-01, -21.6780
4900, 7.78e-02,1.73e-01, -23.5430
4900, 7.78e-02,1.73e-01, -32.1440
4900, 7.78e-02,1.73e-01, -32.7780
4900, 7.78e-02,1.73e-01, -59.0160
5000, -7.93e-02,1.63e-01, -5.0930
5000, -7.93e-02,1.63e-01, -9.2570
5000, -7.93e-02,1.63e-01, -13.9820
5000, -7.93e-02,1.63e-01, -16.0980
5000, -7.93e-02,1.63e-01, -18.8340
5000, -7.93e-02,1.63e-01, -21.7460
5000, -7.93e-02,1.63e-01, -23.9550
5000, -7.93e-02,1.63e-01, -31.8730
5000, -7.93e-02,1.63e-01, -32.3800
5000, -7.93e-02,1.63e-01, -57.8200
5100, -4.89e-02,1.91e-01, -4.9640
5100, -4.89e-02,1.91e-01, -9.0570
5100, -4.89e-02,1.91e-01, -14.0610
5100, -4.89e-02,1.91e-01, -16.1080
5100, -4.89e-02,1.91e-01, -18.7630
5100, -4.89e-02,1.91e-01, -21.5550
5100, -4.89e-02,1.91e-01, -23.3890
5100, -4.89e-02,1.91e-01, -31.4420
5100, -4.89e-02,1.91e-01, -32.1010
5100, -4.89e-02,1.91e-01, -56.9970
5200, -2.08e-02,1.79e-01, -5.0920
5200, -2.08e-02,1.79e-01, -9.1040
5200, -2.08e-02,1.79e-01, -14.1120
5200, -2.08e-02,1.79e-01, -16.0300
5200, -2.08e-02,1.79e-01, -19.0330
5200, -2.08e-02,1.79e-01, -21.9440
5200, -2.08e-02,1.79e-01, -23.8830
5200, -2.08e-02,1.79e-01, -32.1850
5200, -2.08e-02,1.79e-01, -33.4520
5200, -2.08e-02,1.79e-01, -60.1540
5300, 2.39e-02,1.45e-01, -5.0610
5300, 2.39e-02,1.45e-01, -9.1310
5300, 2.39e-02,1.45e-01, -14.2110
5300, 2.39e-02,1.45e-01, -15.9200
5300, 2.39e-02,1.45e-01, -18.9610
5300, 2.39e-02,1.45e-01, -21.5730
5300, 2.39e-02,1.45e-01, -23.4900
5300, 2.39e-02,1.45e-01, -31.6560
5300, 2.39e-02,1.45e-01, -32.3930
5300, 2.39e-02,1.45e-01, -57.4690
5400, 3.40e-03,1.55e-01, -4.9840
5400, 3.40e-03,1.55e-01, -9.0800
5400, 3.40e-03,1.55e-01, -14.0650
5400, 3.40e-03,1.55e-01, -15.8150
5400, 3.40e-03,1.55e-01, -18.8340
5400, 3.40e-03,1.55e-01, -21.1200
5400, 3.40e-03,1.55e-01, -23.5480
5400, 3.40e-03,1.55e-01, -31.2270
5400, 3.40e-03,1.55e-01, -32.1870
5400, 3.40e-03,1.55e-01, -56.3690
5500, 1.16e-01,2.06e-01, -4.9980
5500, 1.16e-01,2.06e-01, -9.0490
5500, 1.16e-01,2.06e-01, -14.1380
5500, 1.16e-01,2.06e-01, -15.9280
5500, 1.16e-01,2.06e-01, -18.8890
5500, 1.16e-01,2.06e-01, -21.1390
5500, 1.16e-01,2.06e-01, -23.7260
5500, 1.16e-01,2.06e-01, -30.7780
5500, 1.16e-01,2.06e-01, -32.5020
5500, 1.16e-01,2.06e-01, -56.8950
5600, 4.81e-02,1.49e-01, -5.0040
5600, 4.81e-02,1.49e-01, -9.1290
5600, 4.81e-02,1.49e-01, -14.2370
5600, 4.81e-02,1.49e-01, -15.9220
5600, 4.81e-02,1.49e-01, -18.9790
5600, 4.81e-02,1.49e-01, -21.5000
5600, 4.81e-02,1.49e-01, -23.7480
5600, 4.81e-02,1.49e-01, -31.9750
5600, 4.81e-02,1.49e-01, -32.6950
5600, 4.81e-02,1.49e-01, -58.0530
5700, -6.20e-02,1.24e-01, -4.9970
5700, -6.20e-02,1.24e-01, -9.0240
5700, -6.20e-02,1.24e-01, -14.0540
5700, -6.20e-02,1.24e-01, -15.8370
5700, -6.20e-02,1.24e-01, -18.6250
5700, -6.20e-02,1.24e-01, -21.4820
5700, -6.20e-02,1.24e-01, -23.5200
5700, -6.20e-02,1.24e-01, -31.2600
5700, -6.20e-02,1.24e-01, -32.3380
5700, -6.20e-02,1.24e-01, -57.4770
5800, -4.39e-02,1.44e-01, -5.0150
5800, -4.39e-02,1.44e-01, -9.0990
5800, -4.39e-02,1.44e-01, -14.0610
5800, -4.39e-02,1.44e-01, -15.8180
5800, -4.39e-02,1.44e-01, -19.2270
5800, -4.39e-02,1.44e-01, -21.5310
5800, -4.39e-02,1.44e-01, -24.2600
5800, -4.39e-02,1.44e-01, -31.1470
5800, -4.39e-02,1.44e-01, -32.8840
5800, -4.39e-02,1.44e-01, -58.1590
5900, 2.09e-03,1.51e-01, -4.9640
5900, 2.09e-03,1.51e-01, -9.1310
5900, 2.09e-03,1.51e-01, -14.1420
5900, 2.09e-03,1.51e-01, -15.8030
5900, 2.09e-03,1.51e-01, -18.8580
5900, 2.09e-03,1.51e-01, -21.2610
5900, 2.09e-03,1.51e-01, -23.4720
5900, 2.09e-03,1.51e-01, -31.4290
5900, 2.09e-03,1.51e-01, -32.2960
5900, 2.09e-03,1.51e-01, -56.4760
6000, -7.12e-02,1.62e-01, -4.9810
6000, -7.12e-02,1.62e-01, -9.1280
6000, -7.12e-02,1.62e-01, -14.3740
6000, -7.12e-02,1.62e-01, -16.1440
6000, -7.12e-02,1.62e-01, -19.0270
6000, -7.12e-02,1.62e-01, -21.5730
6000, -7.12e-02,1.62e-01, -23.6970
6000, -7.12e-02,1.62e-01, -31.7270
6000, -7.12e-02,1.62e-01, -32.2630
6000, -7.12e-02,1.62e-01, -57.5320
6100, -7.53e-03,1.75e-01, -4.9290
6100, -7.53e-03,1.75e-01, -9.1230
6100, -7.53e-03,1.75e-01, -14.3900
6100, -7.53e-03,1.75e-01, -16.1480
6100, -7.53e-03,1.75e-01, -18.6740
6100, -7.53e-03,1.75e-01, -21.6670
6100, -7.53e-03,1.75e-01, -23.4840
6100, -7.53e-03,1.75e-01, -31.6740
6100, -7.53e-03,1.75e-01, -32.3760
6100, -7.53e-03,1.75e-01, -57.7750
6200, -5.84e-02,1.66e-01, -4.9160
6200, -5.84e-02,1.66e-01, -9.1590
6200, -5.84e-02,1.66e-01, -14.0950
6200, -5.84e-02,1.66e-01, -15.9790
6200, -5.84e-02,1.66e-01, -18.6470
6200, -5.84e-02,1.66e-01, -21.5200
6200, -5.84e-02,1.66e-01, -23.4160
6200, -5.84e-02,1.66e-01, -31.2340
6200, -5.84e-02,1.66e-01, -32.1820
6200, -5.84e-02,1.66e-01, -56.4720
6300, -1.35e-02,1.68e-01, -4.9650
6300, -1.35e-02,1.68e-01, -9.0820
6300, -1.35e-02,1.68e-01, -14.2820
6300, -1.35e-02,1.68e-01, -15.9440
6300, -1.35e-02,1.68e-01, -18.9220
6300, -1.35e-02,1.68e-01, -21.3790
6300, -1.35e-02,1.68e-01, -23.5940
6300, -1.35e-02,1.68e-01, -31.2080
6300, -1.35e-02,1.68e-01, -32.0280
6300, -1.35e-02,1.68e-01, -56.9640
6400, -1.54e-02,1.45e-01, -4.9610
6400, -1.54e-02,1.45e-01, -9.2010
6400, -1.54e-02,1.45e-01, -14.2850
6400, -1.54e-02,1.45e-01, -16.2150
6400, -1.54e-02,1.45e-01, -18.8280
6400, -1.54e-02,1.45e-01, -21.5380
6400, -1.54e-02,1.45e-01, -24.1040
6400, -1.54e-02,1.45e-01, -31.9390
6400, -1.54e-02,1.45e-01, -32.8550
6400, -1.54e-02,1.45e-01, -58.3510
6500, 5.15e-02,1.66e-01, -4.9340
6500, 5.15e-02,1.66e-01, -9.0610
6500, 5.15e-02,1.66e-01, -14.3420
6500, 5.15e-02,1.66e-01, -16.2980
6500, 5.15e-02,1.66e-01, -18.9480
6500, 5.15e-02,1.66e-01, -21.2880
6500, 5.15e-02,1.66e-01, -23.4510
6500, 5.15e-02,1.66e-01, -31.5850
6500, 5.15e-02,1.66e-01, -32.4320
6500, 5.15e-02,1.66e-01, -57.5320
6600, 8.25e-02,1.57e-01, -4.9890
6600, 8.25e-02,1.57e-01, -9.1790
6600, 8.25e-02,1.57e-01, -14.3080
6600, 8.25e-02,1.57e-01, -16.1710
6600, 8.25e-02,1.57e-01, -19.1620
6600, 8.25e-02,1.57e-01, -21.9540
6600, 8.25e-02,1.57e-01, -23.8610
6600, 8.25e-02,1.57e-01, -31.7230
6600, 8.25e-02,1.57e-01, -32.4640
6600, 8.25e-02,1.57e-01, -57.6860
6700, -3.39e-02,1.35e-01, -5.0030
6700, -3.39e-02,1.35e-01, -9.1970
6700, -3.39e-02,1.35e-01, -14.1720
6700, -3.39e-02,1.35e-01, -15.9900
6700, -3.39e-02,1.35e-01, -18.7300
6700, -3.39e-02,1.35e-01, -21.1900
6700, -3.39e-02,1.35e-01, -23.3640
6700, -3.39e-02,1.35e-01, -31.0150
6700, -3.39e-02,1.35e-01, -31.9440
6700, -3.39e-02,1.35e-01, -56.8750
6800, 3.58e-02,2.13e-01, -4.9860
6800, 3.58e-02,2.13e-01, -9.2320
6800, 3.58e-02,2.13e-01, -14.2230
6800, 3.58e-02,2.13e-01, -16.0310
6800, 3.58e-02,2.13e-01, -18.9140
6800, 3.58e-02,2.13e-01, -21.2100
6800, 3.58e-02,2.13e-01, -23.6050
6800, 3.58e-02,2.13e-01, -31.5320
6800, 3.58e-02,2.13e-01, -32.2540
6800, 3.58e-02,2.13e-01, -57.2300
6900, 1.17e-02,1.54e-01, -4.9960
6900, 1.17e-02,1.54e-01, -9.0510
6900, 1.17e-02,1.54e-01, -14.0730
6900, 1.17e-02,1.54e-01, -16.0030
6900, 1.17e-02,1.54e-01, -18.6040
6900, 1.17e-02,1.54e-01, -21.5650
6900, 1.17e-02,1.54e-01, -23.4600
6900, 1.17e-02,1.54e-01, -31.1050
6900, 1.17e-02,1.54e-01, -32.8970
6900, 1.17e-02,1.54e-01, -60.8190
7000, 1.20e-01,1.76e-01, -4.9370
7000, 1.20e-01,1.76e-01, -9.1320
7000, 1.20e-01,1.76e-01, -13.7880
7000, 1.20e-01,1.76e-01, -16.1130
7000, 1.20e-01,1.76e-01, -18.9740
7000, 1.20e-01,1.76e-01, -21.2090
7000, 1.20e-01,1.76e-01, -23.4450
7000, 1.20e-01,1.76e-01, -31.0690
7000, 1.20e-01,1.76e-01, -32.0310
7000, 1.20e-01,1.76e-01, -56.6130
7100, 1.31e-01,1.91e-01, -4.9320
7100, 1.31e-01,1.91e-01, -9.1240
7100, 1.31e-01,1.91e-01, -14.2130
7100, 1.31e-01,1.91e-01, -16.1820
7100, 1.31e-01,1.91e-01, -18.9900
7100, 1.31e-01,1.91e-01, -21.7340
7100, 1.31e-01,1.91e-01, -23.9820
7100, 1.31e-01,1.91e-01, -32.3890
7100, 1.31e-01,1.91e-01, -33.2220
7100, 1.31e-01,1.91e-01, -60.8420
7200, 8.40e-02,1.82e-01, -5.0190
7200, 8.40e-02,1.82e-01, -9.0410
7200, 8.40e-02,1.82e-01, -14.0560
7200, 8.40e-02,1.82e-01, -15.9070
7200, 8.40e-02,1.82e-01, -18.8130
7200, 8.40e-02,1.82e-01, -21.2880
7200, 8.40e-02,1.82e-01, -23.3560
7200, 8.40e-02,1.82e-01, -31.0640
7200, 8.40e-02,1.82e-01, -31.8860
7200, 8.40e-02,1.82e-01, -56.7560
7300, 1.03e-01,1.40e-01, -4.9920
7300, 1.03e-01,1.40e-01, -9.0380
7300, 1.03e-01,1.40e-01, -14.3480
7300, 1.03e-01,1.40e-01, -16.0920
7300, 1.03e-01,1.40e-01, -18.7680
7300, 1.03e-01,1.40e-01, -21.7010
7300, 1.03e-01,1.40e-01, -23.7010
7300, 1.03e-01,1.40e-01, -31.8130
7300, 1.03e-01,1.40e-01, -32.4630
7300, 1.03e-01,1.40e-01, -57.7020
7400, 2.33e-03,1.46e-01, -4.9760
7400, 2.33e-03,1.46e-01, -9.1720
7400, 2.33e-03,1.46e-01, -14.1020
7400, 2.33e-03,1.46e-01, -15.9640
7400, 2.33e-03,1.46e-01, -18.9810
7400, 2.33e-03,1.46e-01, -21.2140
7400, 2.33e-03,1.46e-01, -23.4440
7400, 2.33e-03,1.46e-01, -30.9470
7400, 2.33e-03,1.46e-01, -31.9100
7400, 2.33e-03,1.46e-01, -57.0500
7500, 2.91e-02,1.68e-01, -5.0040
7500, 2.91e-02,1.68e-01, -9.0260
7500, 2.91e-02,1.68e-01, -14.2610
7500, 2.91e-02,1.68e-01, -16.2310
7500, 2.91e-02,1.68e-01, -19.2990
7500, 2.91e-02,1.68e-01, -22.1250
7500, 2.91e-02,1.68e-01, -24.5780
7500, 2.91e-02,1.68e-01, -33.9190
7500, 2.91e-02,1.68e-01, -35.5470
7500, 2.91e-02,1.68e-01, -70.3400
7600, -2.89e-02,1.55e-01, -4.8990
7600, -2.89e-02,1.55e-01, -9.1080
7600, -2.89e-02,1.55e-01, -13.9880
7600, -2.89e-02,1.55e-01, -15.8840
7600, -2.89e-02,1.55e-01, -18.4550
7600, -2.89e-02,1.55e-01, -21.2810
7600, -2.89e-02,1.55e-01, -23.6390
7600, -2.89e-02,1.55e-01, -31.2260
7600, -2.89e-02,1.55e-01, -32.2380
7600, -2.89e-02,1.55e-01, -59.1120
7700, -1.05e-02,1.51e-01, -4.9480
7700, -1.05e-02,1.51e-01, -9.0810
7700, -1.05e-02,1.51e-01, -14.1890
7700, -1.05e-02,1.51e-01, -15.9920
7700, -1.05e-02,1.51e-01, -19.0820
7700, -1.05e-02,1.51e-01, -22.0110
7700, -1.05e-02,1.51e-01, -24.2120
7700, -1.05e-02,1.51e-01, -32.5670
7700, -1.05e-02,1.51e-01, -33.9720
7700, -1.05e-02,1.51e-01, -67.4700
7800, -6.62e-03,1.39e-01, -4.9290
7800, -6.62e-03,1.39e-01, -9.1340
7800, -6.62e-03,1.39e-01, -14.2340
7800, -6.62e-03,1.39e-01, -15.9740
7800, -6.62e-03,1.39e-01, -18.7520
7800, -6.62e-03,1.39e-01, -21.4060
7800, -6.62e-03,1.39e-01, -23.5410
7800, -6.62e-03,1.39e-01, -31.4570
7800, -6.62e-03,1.39e-01, -32.1470
7800, -6.62e-03,1.39e-01, -57.3640
7900, 3.91e-03,1.19e-01, -4.9970
7900, 3.91e-03,1.19e-01, -9.2420
7900, 3.91e-03,1.19e-01, -14.1120
7900, 3.91e-03,1.19e-01, -15.8230
7900, 3.91e-03,1.19e-01, -18.8990
7900, 3.91e-03,1.19e-01, -21.2610
7900, 3.91e-03,1.19e-01, -23.4540
7900, 3.91e-03,1.19e-01, -31.3240
7900, 3.91e-03,1.19e-01, -32.2740
7900, 3.91e-03,1.19e-01, -56.7590
8000, -7.24e-02,1.80e-01, -4.9250
8000, -7.24e-02,1.80e-01, -9.1570
8000, -7.24e-02,1.80e-01, -14.2990
8000, -7.24e-02,1.80e-01, -16.0690
8000, -7.24e-02,1.80e-01, -18.7870
8000, -7.24e-02,1.80e-01, -21.4710
8000, -7.24e-02,1.80e-01, -23.4680
8000, -7.24e-02,1.80e-01, -31.6940
8000, -7.24e-02,1.80e-01, -32.4490
8000, -7.24e-02,1.80e-01, -57.0790
8100, 1.79e-02,1.86e-01, -5.0310
8100, 1.79e-02,1.86e-01, -9.2120
8100, 1.79e-02,1.86e-01, -14.1790
8100, 1.79e-02,1.86e-01, -16.2160
8100, 1.79e-02,1.86e-01, -18.9550
8100, 1.79e-02,1.86e-01, -21.5670
8100, 1.79e-02,1.86e-01, -23.7470
8100, 1.79e-02,1.86e-01, -31.5760
8100, 1.79e-02,1.86e-01, -32.4620
8100, 1.79e-02,1.86e-01, -57.3840
8200, -2.19e-02,1.92e-01, -5.0030
8200, -2.19e-02,1.92e-01, -8.9650
8200, -2.19e-02,1.92e-01, -14.0290
8200, -2.19e-02,1.92e-01, -15.9050
8200, -2.19e-02,1.92e-01, -18.5920
8200, -2.19e-02,1.92e-01, -21.5680
8200, -2.19e-02,1.92e-01, -23.6670
8200, -2.19e-02,1.92e-01, -31.4500
8200, -2.19e-02,1.92e-01, -32.3170
8200, -2.19e-02,1.92e-01, -57.4320
8300, 3.26e-02,1.45e-01, -5.0080
8300, 3.26e-02,1.45e-01, -9.2050
8300, 3.26e-02,1.45e-01, -13.9420
8300, 3.26e-02,1.45e-01, -15.7860
8300, 3.26e-02,1.45e-01, -18.6230
8300, 3.26e-02,1.45e-01, -21.3530
8300, 3.26e-02,1.45e-01, -23.3490
8300, 3.26e-02,1.45e-01, -31.4230
8300, 3.26e-02,1.45e-01, -32.6890
8300, 3.26e-02,1.45e-01, -56.3760
8400, -1.24e-01,2.05e-01, -4.9360
8400, -1.24e-01,2.05e-01, -9.1020
8400, -1.24e-01,2.05e-01, -14.2220
8400, -1.24e-01,2.05e-01, -15.9140
8400, -1.24e-01,2.05e-01, -18.9730
8400, -1.24e-01,2.05e-01, -22.0620
8400, -1.24e-01,2.05e-01, -24.0120
8400, -1.24e-01,2.05e-01, -32.4380
8400, -1.24e-01,2.05e-01, -32.8680
8400, -1.24e-01,2.05e-01, -59.7390
8500, 4.01e-02,1.64e-01, -4.9770
8500, 4.01e-02,1.64e-01, -9.1130
8500, 4.01e-02,1.64e-01, -14.0600
8500, 4.01e-02,1.64e-01, -16.1090
8500, 4.01e-02,1.64e-01, -18.7950
8500, 4.01e-02,1.64e-01, -21.4930
8500, 4.01e-02,1.64e-01, -23.4090
8500, 4.01e-02,1.64e-01, -31.3590
8500, 4.01e-02,1.64e-01, -32.4170
8500, 4.01e-02,1.64e-01, -57.3300
8600, -2.55e-02,1.36e-01, -4.9870
8600, -2.55e-02,1.36e-01, -9.2720
8600, -2.55e-02,1.36e-01, -14.1010
8600, -2.55e-02,1.36e-01, -15.8140
8600, -2.55e-02,1.36e-01, -18.5460
8600, -2.55e-02,1.36e-01, -21.1580
8600, -2.55e-02,1.36e-01, -23.5440
8600, -2.55e-02,1.36e-01, -31.5620
8600, -2.55e-02,1.36e-01, -32.7420
8600, -2.55e-02,1.36e-01, -61.9900
8700, 1.31e-01,2.03e-01, -4.9900
8700, 1.31e-01,2.03e-01, -9.0800
8700, 1.31e-01,2.03e-01, -14.2560
8700, 1.31e-01,2.03e-01, -15.8470
8700, 1.31e-01,2.03e-01, -18.9470
8700, 1.31e-01,2.03e-01, -21.5400
8700, 1.31e-01,2.03e-01, -23.8680
8700, 1.31e-01,2.03e-01, -32.4720
8700, 1.31e-01,2.03e-01, -33.8830
8700, 1.31e-01,2.03e-01, -64.6850
8800, 4.83e-02,1.54e-01, -4.9520
8800, 4.83e-02,1.54e-01, -9.0180
8800, 4.83e-02,1.54e-01, -14.0170
8800, 4.83e-02,1.54e-01, -15.7960
8800, 4.83e-02,1.54e-01, -18.7620
8800, 4.83e-02,1.54e-01, -21.4600
8800, 4.83e-02,1.54e-01, -23.6040
8800, 4.83e-02,1.54e-01, -31.0400
8800, 4.83e-02,1.54e-01, -32.5640
8800, 4.83e-02,1.54e-01, -56.2940
8900, -4.85e-02,1.41e-01, -4.9170
8900, -4.85e-02,1.41e-01, -9.4200
8900, -4.85e-02,1.41e-01, -14.2500
8900, -4.85e-02,1.41e-01, -16.0960
8900, -4.85e-02,1.41e-01, -19.1140
8900, -4.85e-02,1.41e-01, -21.2450
8900, -4.85e-02,1.41e-01, -23.7820
8900, -4.85e-02,1.41e-01, -31.5570
8900, -4.85e-02,1.41e-01, -32.3470
8900, -4.85e-02,1.41e-01, -56.9130
9000, 5.58e-02,1.46e-01, -4.9230
9000, 5.58e-02,1.46e-01, -9.1070
9000, 5.58e-02,1.46e-01, -14.2000
9000, 5.58e-02,1.46e-01, -15.7760
9000, 5.58e-02,1.46e-01, -19.0310
9000, 5.58e-02,1.46e-01, -21.8650
9000, 5.58e-02,1.46e-01, -23.8230
9000, 5.58e-02,1.46e-01, -32.2430
9000, 5.58e-02,1.46e-01, -33.4970
9000, 5.58e-02,1.46e-01, -63.4630
9100, -5.60e-02,1.68e-01, -4.9990
9100, -5.60e-02,1.68e-01, -9.1690
9100, -5.60e-02,1.68e-01, -14.3140
9100, -5.60e-02,1.68e-01, -16.1040
9100, -5.60e-02,1.68e-01, -18.9550
9100, -5.60e-02,1.68e-01, -21.4020
9100, -5.60e-02,1.68e-01, -23.6180
9100, -5.60e-02,1.68e-01, -31.4410
9100, -5.60e-02,1.68e-01, -32.3250
9100, -5.60e-02,1.68e-01, -57.0200
9200, -1.61e-01,2.25e-01, -4.9290
9200, -1.61e-01,2.25e-01, -9.2590
9200, -1.61e-01,2.25e-01, -14.1270
9200, -1.61e-01,2.25e-01, -15.9300
9200, -1.61e-01,2.25e-01, -18.6870
9200, -1.61e-01,2.25e-01, -21.5250
9200, -1.61e-01,2.25e-01, -23.4520
9200, -1.61e-01,2.25e-01, -31.1680
9200, -1.61e-01,2.25e-01, -32.3870
9200, -1.61e-01,2.25e-01, -56.8250
9300, 5.90e-02,1.94e-01, -4.9910
9300, 5.90e-02,1.94e-01, -9.1260
9300, 5.90e-02,1.94e-01, -14.0170
9300, 5.90e-02,1.94e-01, -15.7720
9300, 5.90e-02,1.94e-01, -18.2940
9300, 5.90e-02,1.94e-01, -21.3920
9300, 5.90e-02,1.94e-01, -23.5040
9300, 5.90e-02,1.94e-01, -31.1230
9300, 5.90e-02,1.94e-01, -31.9960
9300, 5.90e-02,1.94e-01, -56.8370
9400, -1.39e-02,1.42e-01, -4.9240
9400, -1.39e-02,1.42e-01, -9.1530
9400, -1.39e-02,1.42e-01, -14.2280
9400, -1.39e-02,1.42e-01, -16.0360
9400, -1.39e-02,1.42e-01, -18.9810
9400, -1.39e-02,1.42e-01, -21.5880
9400, -1.39e-02,1.42e-01, -23.9570
9400, -1.39e-02,1.42e-01, -31.3730
9400, -1.39e-02,1.42e-01, -32.2440
9400, -1.39e-02,1.42e-01, -57.6660
9500, -6.62e-02,1.76e-01, -4.8960
9500, -6.62e-02,1.76e-01, -9.1870
9500, -6.62e-02,1.76e-01, -13.9930
9500, -6.62e-02,1.76e-01, -15.9440
9500, -6.62e-02,1.76e-01, -18.9560
9500, -6.62e-02,1.76e-01, -21.4330
9500, -6.62e-02,1.76e-01, -23.6570
9500, -6.62e-02,1.76e-01, -31.3190
9500, -6.62e-02,1.76e-01, -32.4370
9500, -6.62e-02,1.76e-01, -57.0500
9600, -4.76e-02,1.43e-01, -4.9170
9600, -4.76e-02,1.43e-01, -9.2380
9600, -4.76e-02,1.43e-01, -14.0500
9600, -4.76e-02,1.43e-01, -16.0150
9600, -4.76e-02,1.43e-01, -18.7210
9600, -4.76e-02,1.43e-01, -21.3790
9600, -4.76e-02,1.43e-01, -23.3980
9600, -4.76e-02,1.43e-01, -31.1160
9600, -4.76e-02,1.43e-01, -32.3340
9600, -4.76e-02,1.43e-01, -56.9290
9700, -2.11e-02,1.75e-01, -4.9700
9700, -2.11e-02,1.75e-01, -9.4010
9700, -2.11e-02,1.75e-01, -14.3690
9700, -2.11e-02,1.75e-01, -16.4080
9700, -2.11e-02,1.75e-01, -19.3580
9700, -2.11e-02,1.75e-01, -21.5740
9700, -2.11e-02,1.75e-01, -24.1560
9700, -2.11e-02,1.75e-01, -31.2210
9700, -2.11e-02,1.75e-01, -33.0660
9700, -2.11e-02,1.75e-01, -57.6190
9800, 7.28e-03,1.49e-01, -4.9370
9800, 7.28e-03,1.49e-01, -9.3480
9800, 7.28e-03,1.49e-01, -14.1840
9800, 7.28e-03,1.49e-01, -16.2740
9800, 7.28e-03,1.49e-01, -19.1960
9800, 7.28e-03,1.49e-01, -21.5490
9800, 7.28e-03,1.49e-01, -24.2530
9800, 7.28e-03,1.49e-01, -31.5270
9800, 7.28e-03,1.49e-01, -33.0590
9800, 7.28e-03,1.49e-01, -58.1210
9900, -4.13e-02,1.43e-01, -5.0850
9900, -4.13e-02,1.43e-01, -9.0690
9900, -4.13e-02,1.43e-01, -14.0980
9900, -4.13e-02,1.43e-01, -15.7790
9900, -4.13e-02,1.43e-01, -18.7060
9900, -4.13e-02,1.43e-01, -21.3920
9900, -4.13e-02,1.43e-01, -23.3040
9900, -4.13e-02,1.43e-01, -31.0590
9900, -4.13e-02,1.43e-01, -32.2950
9900, -4.13e-02,1.43e-01, -56.6390
10000, -2.97e-02,1.85e-01, -5.0250
10000, -2.97e-02,1.85e-01, -9.0560
10000, -2.97e-02,1.85e-01, -14.0460
10000, -2.97e-02,1.85e-01, -16.0670
10000, -2.97e-02,1.85e-01, -18.7900
10000, -2.97e-02,1.85e-01, -21.6520
10000, -2.97e-02,1.85e-01, -23.8990
10000, -2.97e-02,1.85e-01, -31.9010
10000, -2.97e-02,1.85e-01, -32.7610
10000, -2.97e-02,1.85e-01, -58.0550
10100, -2.49e-03,1.68e-01, -4.9080
10100, -2.49e-03,1.68e-01, -9.1960
10100, -2.49e-03,1.68e-01, -14.3310
10100, -2.49e-03,1.68e-01, -16.1800
10100, -2.49e-03,1.68e-01, -18.8790
10100, -2.49e-03,1.68e-01, -21.6130
10100, -2.49e-03,1.68e-01, -23.7330
10100, -2.49e-03,1.68e-01, -31.9820
10100, -2.49e-03,1.68e-01, -32.5560
10100, -2.49e-03,1.68e-01, -57.9270
10200, -2.70e-02,1.66e-01, -5.0500
10200, -2.70e-02,1.66e-01, -9.1080
10200, -2.70e-02,1.66e-01, -14.1940
10200, -2.70e-02,1.66e-01, -15.9630
10200, -2.70e-02,1.66e-01, -18.9490
10200, -2.70e-02,1.66e-01, -21.6360
10200, -2.70e-02,1.66e-01, -23.9620
10200, -2.70e-02,1.66e-01, -31.9360
10200, -2.70e-02,1.66e-01, -32.5540
10200, -2.70e-02,1.66e-01, -57.6070
10300, 8.93e-02,1.41e-01, -4.9690
10300, 8.93e-02,1.41e-01, -9.0410
10300, 8.93e-02,1.41e-01, -14.0830
10300, 8.93e-02,1.41e-01, -15.8820
10300, 8.93e-02,1.41e-01, -18.8510
10300, 8.93e-02,1.41e-01, -21.1660
10300, 8.93e-02,1.41e-01, -23.6050
10300, 8.93e-02,1.41e-01, -31.5050
10300, 8.93e-02,1.41e-01, -32.1560
10300, 8.93e-02,1.41e-01, -57.2510
10400, 2.02e-02,2.13e-01, -5.0150
10400, 2.02e-02,2.13e-01, -9.0920
10400, 2.02e-02,2.13e-01, -14.2190
10400, 2.02e-02,2.13e-01, -16.3990
10400, 2.02e-02,2.13e-01, -18.9560
10400, 2.02e-02,2.13e-01, -21.9510
10400, 2.02e-02,2.13e-01, -24.1410
10400, 2.02e-02,2.13e-01, -32.0230
10400, 2.02e-02,2.13e-01, -32.9890
10400, 2.02e-02,2.13e-01, -58.5570
10500, -1.79e-02,1.79e-01, -4.9730
10500, -1.79e-02,1.79e-01, -8.9770
10500, -1.79e-02,1.79e-01, -14.4220
10500, -1.79e-02,1.79e-01, -15.8370
10500, -1.79e-02,1.79e-01, -18.3890
10500, -1.79e-02,1.79e-01, -21.4810
10500, -1.79e-02,1.79e-01, -23.6690
10500, -1.79e-02,1.79e-01, -31.5360
10500, -1.79e-02,1.79e-01, -32.6860
10500, -1.79e-02,1.79e-01, -57.8790
10600, 2.52e-02,1.37e-01, -5.0950
10600, 2.52e-02,1.37e-01, -9.0070
10600, 2.52e-02,1.37e-01, -13.9460
10600, 2.52e-02,1.37e-01, -15.8330
10600, 2.52e-02,1.37e-01, -19.0440
10600, 2.52e-02,1.37e-01, -21.4710
10600, 2.52e-02,1.37e-01, -23.5330
10600, 2.52e-02,1.37e-01, -31.5770
10600, 2.52e-02,1.37e-01, -32.4380
10600, 2.52e-02,1.37e-01, -57.3620
10700, 4.17e-02,1.63e-01, -4.9450
10700, 4.17e-02,1.63e-01, -9.0010
10700, 4.17e-02,1.63e-01, -14.2150
10700, 4.17e-02,1.63e-01, -15.9330
10700, 4.17e-02,1.63e-01, -18.9210
10700, 4.17e-02,1.63e-01, -21.2920
10700, 4.17e-02,1.63e-01, -23.1910
10700, 4.17e-02,1.63e-01, -31.3080
10700, 4.17e-02,1.63e-01, -32.0920
10700, 4.17e-02,1.63e-01, -56.5200
10800, -5.86e-02,1.98e-01, -4.9900
10800, -5.86e-02,1.98e-01, -9.0660
10800, -5.86e-02,1.98e-01, -14.1640
10800, -5.86e-02,1.98e-01, -15.8230
10800, -5.86e-02,1.98e-01, -18.6830
10800, -5.86e-02,1.98e-01, -21.3620
10800, -5.86e-02,1.98e-01, -23.8360
10800, -5.86e-02,1.98e-01, -31.6010
10800, -5.86e-02,1.98e-01, -32.4550
10800, -5.86e-02,1.98e-01, -57.3470
10900, -5.16e-02,1.45e-01, -5.0830
10900, -5.16e-02,1.45e-01, -8.9760
10900, -5.16e-02,1.45e-01, -14.2460
10900, -5.16e-02,1.45e-01, -16.2700
10900, -5.16e-02,1.45e-01, -19.2860
10900, -5.16e-02,1.45e-01, -22.5980
10900, -5.16e-02,1.45e-01, -24.3990
10900, -5.16e-02,1.45e-01, -33.8120
10900, -5.16e-02,1.45e-01, -34.4880
10900, -5.16e-02,1.45e-01, -68.5680
11000, -3.08e-02,1.61e-01, -4.9880
11000, -3.08e-02,1.61e-01, -9.1950
11000, -3.08e-02,1.61e-01, -13.9900
11000, -3.08e-02,1.61e-01, -15.9290
11000, -3.08e-02,1.61e-01, -18.7990
11000, -3.08e-02,1.61e-01, -21.4360
11000, -3.08e-02,1.61e-01, -23.6240
11000, -3.08e-02,1.61e-01, -31.5930
11000, -3.08e-02,1.61e-01, -32.5830
11000, -3.08e-02,1.61e-01, -57.5270
11100, 9.64e-02,1.74e-01, -4.8840
11100, 9.64e-02,1.74e-01, -9.1070
11100, 9.64e-02,1.74e-01, -14.1320
11100, 9.64e-02,1.74e-01, -15.9430
11100, 9.64e-02,1.74e-01, -18.8530
11100, 9.64e-02,1.74e-01, -21.2080
11100, 9.64e-02,1.74e-01, -23.4500
11100, 9.64e-02,1.74e-01, -31.3010
11100, 9.64e-02,1.74e-01, -32.3330
11100, 9.64e-02,1.74e-01, -57.7950
11200, 6.41e-02,1.44e-01, -4.9570
11200, 6.41e-02,1.44e-01, -9.0940
11200, 6.41e-02,1.44e-01, -14.1510
11200, 6.41e-02,1.44e-01, -15.8420
11200, 6.41e-02,1.44e-01, -18.8100
11200, 6.41e-02,1.44e-01, -21.4790
11200, 6.41e-02,1.44e-01, -23.6830
11200, 6.41e-02,1.44e-01, -31.5150
11200, 6.41e-02,1.44e-01, -32.1390
11200, 6.41e-02,1.44e-01, -58.0430
11300, -2.39e-02,1.68e-01, -5.0130
11300, -2.39e-02,1.68e-01, -9.1960
11300, -2.39e-02,1.68e-01, -14.0150
11300, -2.39e-02,1.68e-01, -16.0870
11300, -2.39e-02,1.68e-01, -18.5950
11300, -2.39e-02,1.68e-01, -21.4850
11300, -2.39e-02,1.68e-01, -23.5100
11300, -2.39e-02,1.68e-01, -31.3780
11300, -2.39e-02,1.68e-01, -32.5080
11300, -2.39e-02,1.68e-01, -57.5890
11400, -2.45e-02,1.45e-01, -4.9980
11400, -2.45e-02,1.45e-01, -9.1020
11400, -2.45e-02,1.45e-01, -14.3280
11400, -2.45e-02,1.45e-01, -15.8920
11400, -2.45e-02,1.45e-01, -18.6540
11400, -2.45e-02,1.45e-01, -21.4770
11400, -2.45e-02,1.45e-01, -23.6460
11400, -2.45e-02,1.45e-01, -31.4990
11400, -2.45e-02,1.45e-01, -31.9610
11400, -2.45e-02,1.45e-01, -57.3680
11500, 1.43e-02,1.65e-01, -4.9860
11500, 1.43e-02,1.65e-01, -9.1820
11500, 1.43e-02,1.65e-01, -13.8660
11500, 1.43e-02,1.65e-01, -15.9250
11500, 1.43e-02,1.65e-01, -18.6540
11500, 1.43e-02,1.65e-01, -21.1000
11500, 1.43e-02,1.65e-01, -23.3050
11500, 1.43e-02,1.65e-01, -31.3880
11500, 1.43e-02,1.65e-01, -31.9270
11500, 1.43e-02,1.65e-01, -56.8020
11600, 4.10e-02,1.35e-01, -4.9650
11600, 4.10e-02,1.35e-01, -8.9900
11600, 4.10e-02,1.35e-01, -13.9920
11600, 4.10e-02,1.35e-01, -16.0100
11600, 4.10e-02,1.35e-01, -18.7700
11600, 4.10e-02,1.35e-01, -21.0440
11600, 4.10e-02,1.35e-01, -23.5960
11600, 4.10e-02,1.35e-01, -31.1770
11600, 4.10e-02,1.35e-01, -32.1740
11600, 4.10e-02,1.35e-01, -56.8320
11700, 4.87e-02,1.46e-01, -4.9090
11700, 4.87e-02,1.46e-01, -9.1110
11700, 4.87e-02,1.46e-01, -14.0750
11700, 4.87e-02,1.46e-01, -16.0310
11700, 4.87e-02,1.46e-01, -18.8470
11700, 4.87e-02,1.46e-01, -21.2420
11700, 4.87e-02,1.46e-01, -23.5560
11700, 4.87e-02,1.46e-01, -31.3700
11700, 4.87e-02,1.46e-01, -32.0100
11700, 4.87e-02,1.46e-01, -57.0220
11800, 6.88e-02,1.56e-01, -4.9470
11800, 6.88e-02,1.56e-01, -9.1430
11800, 6.88e-02,1.56e-01, -14.0070
11800, 6.88e-02,1.56e-01, -15.8850
11800, 6.88e-02,1.56e-01, -18.8280
11800, 6.88e-02,1.56e-01, -21.4460
11800, 6.88e-02,1.56e-01, -23.9580
11800, 6.88e-02,1.56e-01, -32.1490
11800, 6.88e-02,1.56e-01, -33.8220
11800, 6.88e-02,1.56e-01, -67.5770
11900, -8.58e-02,1.88e-01, -5.0630
11900, -8.58e-02,1.88e-01, -9.0660
11900, -8.58e-02,1.88e-01, -14.0250
11900, -8.58e-02,1.88e-01, -16.1560
11900, -8.58e-02,1.88e-01, -19.0210
11900, -8.58e-02,1.88e-01, -21.6600
11900, -8.58e-02,1.88e-01, -23.8370
11900, -8.58e-02,1.88e-01, -31.6820
11900, -8.58e-02,1.88e-01, -32.5980
11900, -8.58e-02,1.88e-01, -57.2630
12000, 4.70e-03,1.28e-01, -5.0100
12000, 4.70e-03,1.28e-01, -9.0310
12000, 4.70e-03,1.28e-01, -14.1270
12000, 4.70e-03,1.28e-01, -16.0220
12000, 4.70e-03,1.28e-01, -18.6480
12000, 4.70e-03,1.28e-01, -21.3900
12000, 4.70e-03,1.28e-01, -23.9600
12000, 4.70e-03,1.28e-01, -31.4260
12000, 4.70e-03,1.28e-01, -32.4750
12000, 4.70e-03,1.28e-01, -57.0750
12100, 4.40e-02,1.35e-01, -4.9870
12100, 4.40e-02,1.35e-01, -9.0300
12100, 4.40e-02,1.35e-01, -14.1390
12100, 4.40e-02,1.35e-01, -16.0450
12100, 4.40e-02,1.35e-01, -18.7140
12100, 4.40e-02,1.35e-01, -21.2340
12100, 4.40e-02,1.35e-01, -23.2100
12100, 4.40e-02,1.35e-01, -31.2980
12100, 4.40e-02,1.35e-01, -32.2190
12100, 4.40e-02,1.35e-01, -56.6590
12200, 6.21e-02,1.27e-01, -5.0090
12200, 6.21e-02,1.27e-01, -9.0520
12200, 6.21e-02,1.27e-01, -14.3140
12200, 6.21e-02,1.27e-01, -16.2500
12200, 6.21e-02,1.27e-01, -18.8610
12200, 6.21e-02,1.27e-01, -21.4920
12200, 6.21e-02,1.27e-01, -23.5850
12200, 6.21e-02,1.27e-01, -31.9410
12200, 6.21e-02,1.27e-01, -32.8320
12200, 6.21e-02,1.27e-01, -57.4950
12300, 8.73e-02,2.05e-01, -4.9850
12300, 8.73e-02,2.05e-01, -9.2380
12300, 8.73e-02,2.05e-01, -14.0540
12300, 8.73e-02,2.05e-01, -15.9960
12300, 8.73e-02,2.05e-01, -19.0470
12300, 8.73e-02,2.05e-01, -21.7230
12300, 8.73e-02,2.05e-01, -23.7030
12300, 8.73e-02,2.05e-01, -31.4970
12300, 8.73e-02,2.05e-01, -32.4480
12300, 8.73e-02,2.05e-01, -57.2560
12400, 3.18e-03,2.08e-01, -5.0440
12400, 3.18e-03,2.08e-01, -9.0810
12400, 3.18e-03,2.08e-01, -14.2770
12400, 3.18e-03,2.08e-01, -16.1370
12400, 3.18e-03,2.08e-01, -19.2150
12400, 3.18e-03,2.08e-01, -21.6410
12400, 3.18e-03,2.08e-01, -23.9760
12400, 3.18e-03,2.08e-01, -31.9580
12400, 3.18e-03,2.08e-01, -32.6730
12400, 3.18e-03,2.08e-01, -58.1380
