0, -7.19e+01,2.97e+02, -8.2510
0, -7.19e+01,2.97e+02, -15.2990
0, -7.19e+01,2.97e+02, -26.4510
0, -7.19e+01,2.97e+02, -31.9610
0, -7.19e+01,2.97e+02, -38.8630
0, -7.19e+01,2.97e+02, -41.3650
0, -7.19e+01,2.97e+02, -49.5800
0, -7.19e+01,2.97e+02, -60.2940
0, -7.19e+01,2.97e+02, -67.9580
0, -7.19e+01,2.97e+02, -115.4040
100, -4.17e+00,7.42e+00, -7.1870
100, -4.17e+00,7.42e+00, -14.7770
100, -4.17e+00,7.42e+00, -24.2570
100, -4.17e+00,7.42e+00, -30.5710
100, -4.17e+00,7.42e+00, -37.1520
100, -4.17e+00,7.42e+00, -39.8740
100, -4.17e+00,7.42e+00, -46.7110
100, -4.17e+00,7.42e+00, -56.0240
100, -4.17e+00,7.42e+00, -65.2090
100, -4.17e+00,7.42e+00, -102.5540
200, -1.04e+02,8.75e+02, -7.2530
200, -1.04e+02,8.75e+02, -14.6320
200, -1.04e+02,8.75e+02, -23.4210
200, -1.04e+02,8.75e+02, -27.6250
200, -1.04e+02,8.75e+02, -34.9810
200, -1.04e+02,8.75e+02, -36.5700
200, -1.04e+02,8.75e+02, -41.1500
200, -1.04e+02,8.75e+02, -50.0960
200, -1.04e+02,8.75e+02, -55.5030
200, -1.04e+02,8.75e+02, -90.1230
300, 1.80e+00,3.08e+00, -7.3920
300, 1.80e+00,3.08e+00, -14.7620
300, 1.80e+00,3.08e+00, -22.8590
300, 1.80e+00,3.08e+00, -28.3840
300, 1.80e+00,3.08e+00, -32.3160
300, 1.80e+00,3.08e+00, -35.5540
300, 1.80e+00,3.08e+00, -40.9730
300, 1.80e+00,3.08e+00, -49.1950
300, 1.80e+00,3.08e+00, -54.9200
300, 1.80e+00,3.08e+00, -88.3090
400, -3.71e+01,1.45e+02, -7.2330
400, -3.71e+01,1.45e+02, -15.0390
400, -3.71e+01,1.45e+02, -23.3670
400, -3.71e+01,1.45e+02, -26.8130
400, -3.71e+01,1.45e+02, -32.4490
400, -3.71e+01,1.45e+02, -33.5530
400, -3.71e+01,1.45e+02, -39.5670
400, -3.71e+01,1.45e+02, -46.5850
400, -3.71e+01,1.45e+02, -53.5090
400, -3.71e+01,1.45e+02, -83.2700
500, -7.22e+01,3.57e+02, -7.1750
500, -7.22e+01,3.57e+02, -14.1050
500, -7.22e+01,3.57e+02, -22.5580
500, -7.22e+01,3.57e+02, -27.3490
500, -7.22e+01,3.57e+02, -29.9830
500, -7.22e+01,3.57e+02, -33.5100
500, -7.22e+01,3.57e+02, -38.2790
500, -7.22e+01,3.57e+02, -46.6300
500, -7.22e+01,3.57e+02, -52.1780
500, -7.22e+01,3.57e+02, -82.2920
600, 7.05e+00,8.44e+00, -7.0880
600, 7.05e+00,8.44e+00, -12.9380
600, 7.05e+00,8.44e+00, -21.9300
600, 7.05e+00,8.44e+00, -25.2270
600, 7.05e+00,8.44e+00, -29.9170
600, 7.05e+00,8.44e+00, -32.2810
600, 7.05e+00,8.44e+00, -36.3970
600, 7.05e+00,8.44e+00, -42.7150
600, 7.05e+00,8.44e+00, -48.5100
600, 7.05e+00,8.44e+00, -75.9140
700, 1.34e+01,1.85e+01, -6.5900
700, 1.34e+01,1.85e+01, -12.7440
700, 1.34e+01,1.85e+01, -20.0150
700, 1.34e+01,1.85e+01, -23.2450
700, 1.34e+01,1.85e+01, -27.9020
700, 1.34e+01,1.85e+01, -29.6470
700, 1.34e+01,1.85e+01, -33.6440
700, 1.34e+01,1.85e+01, -41.0710
700, 1.34e+01,1.85e+01, -45.5240
700, 1.34e+01,1.85e+01, -73.4970
800, 7.73e+00,7.12e+00, -6.3860
800, 7.73e+00,7.12e+00, -12.1040
800, 7.73e+00,7.12e+00, -19.3300
800, 7.73e+00,7.12e+00, -21.9960
800, 7.73e+00,7.12e+00, -25.4810
800, 7.73e+00,7.12e+00, -28.4000
800, 7.73e+00,7.12e+00, -32.4260
800, 7.73e+00,7.12e+00, -38.9030
800, 7.73e+00,7.12e+00, -42.0330
800, 7.73e+00,7.12e+00, -67.3010
900, 9.63e+00,1.32e+01, -6.7910
900, 9.63e+00,1.32e+01, -11.5040
900, 9.63e+00,1.32e+01, -19.4000
900, 9.63e+00,1.32e+01, -21.7300
900, 9.63e+00,1.32e+01, -25.5450
900, 9.63e+00,1.32e+01, -26.9160
900, 9.63e+00,1.32e+01, -30.7500
900, 9.63e+00,1.32e+01, -38.4320
900, 9.63e+00,1.32e+01, -41.3160
900, 9.63e+00,1.32e+01, -66.1310
1000, -2.90e+01,8.90e+01, -6.0750
1000, -2.90e+01,8.90e+01, -11.6680
1000, -2.90e+01,8.90e+01, -18.5780
1000, -2.90e+01,8.90e+01, -20.7880
1000, -2.90e+01,8.90e+01, -25.0820
1000, -2.90e+01,8.90e+01, -26.9860
1000, -2.90e+01,8.90e+01, -29.8970
1000, -2.90e+01,8.90e+01, -37.0190
1000, -2.90e+01,8.90e+01, -40.8260
1000, -2.90e+01,8.90e+01, -65.4450
1100, -3.29e-01,3.40e-01, -6.4670
1100, -3.29e-01,3.40e-01, -11.4730
1100, -3.29e-01,3.40e-01, -18.1720
1100, -3.29e-01,3.40e-01, -21.3810
1100, -3.29e-01,3.40e-01, -24.3150
1100, -3.29e-01,3.40e-01, -26.1870
1100, -3.29e-01,3.40e-01, -29.9760
1100, -3.29e-01,3.40e-01, -36.6460
1100, -3.29e-01,3.40e-01, -39.6010
1100, -3.29e-01,3.40e-01, -64.3940
1200, -1.39e+00,7.37e-01, -5.7970
1200, -1.39e+00,7.37e-01, -11.2180
1200, -1.39e+00,7.37e-01, -17.2570
1200, -1.39e+00,7.37e-01, -19.5950
1200, -1.39e+00,7.37e-01, -23.4150
1200, -1.39e+00,7.37e-01, -26.0890
1200, -1.39e+00,7.37e-01, -29.1130
1200, -1.39e+00,7.37e-01, -35.6180
1200, -1.39e+00,7.37e-01, -39.1570
1200, -1.39e+00,7.37e-01, -63.2000
1300, 9.22e+00,1.36e+01, -6.1530
1300, 9.22e+00,1.36e+01, -11.2130
1300, 9.22e+00,1.36e+01, -17.3830
1300, 9.22e+00,1.36e+01, -19.8260
1300, 9.22e+00,1.36e+01, -23.5620
1300, 9.22e+00,1.36e+01, -25.5470
1300, 9.22e+00,1.36e+01, -28.9900
1300, 9.22e+00,1.36e+01, -35.6630
1300, 9.22e+00,1.36e+01, -38.4640
1300, 9.22e+00,1.36e+01, -63.5970
1400, -2.83e+01,9.82e+01, -6.0110
1400, -2.83e+01,9.82e+01, -11.1020
1400, -2.83e+01,9.82e+01, -16.5970
1400, -2.83e+01,9.82e+01, -19.9310
1400, -2.83e+01,9.82e+01, -22.8370
1400, -2.83e+01,9.82e+01, -25.4520
1400, -2.83e+01,9.82e+01, -28.0380
1400, -2.83e+01,9.82e+01, -34.9890
1400, -2.83e+01,9.82e+01, -37.8420
1400, -2.83e+01,9.82e+01, -62.5390
1500, -1.29e+01,5.92e+01, -5.8490
1500, -1.29e+01,5.92e+01, -10.9880
1500, -1.29e+01,5.92e+01, -17.2850
1500, -1.29e+01,5.92e+01, -19.5980
1500, -1.29e+01,5.92e+01, -22.8400
1500, -1.29e+01,5.92e+01, -25.7040
1500, -1.29e+01,5.92e+01, -27.8780
1500, -1.29e+01,5.92e+01, -35.5360
1500, -1.29e+01,5.92e+01, -37.8390
1500, -1.29e+01,5.92e+01, -63.0210
1600, 6.57e+00,1.08e+01, -5.8400
1600, 6.57e+00,1.08e+01, -10.7420
1600, 6.57e+00,1.08e+01, -17.2790
1600, 6.57e+00,1.08e+01, -19.5040
1600, 6.57e+00,1.08e+01, -22.8030
1600, 6.57e+00,1.08e+01, -25.5510
1600, 6.57e+00,1.08e+01, -27.8000
1600, 6.57e+00,1.08e+01, -35.1520
1600, 6.57e+00,1.08e+01, -37.9610
1600, 6.57e+00,1.08e+01, -62.2810
1700, -1.69e-01,3.00e-01, -5.9820
1700, -1.69e-01,3.00e-01, -10.2890
1700, -1.69e-01,3.00e-01, -16.8790
1700, -1.69e-01,3.00e-01, -19.1040
1700, -1.69e-01,3.00e-01, -22.7300
1700, -1.69e-01,3.00e-01, -24.1450
1700, -1.69e-01,3.00e-01, -27.8320
1700, -1.69e-01,3.00e-01, -34.3590
1700, -1.69e-01,3.00e-01, -37.3030
1700, -1.69e-01,3.00e-01, -62.0860
1800, 4.10e-01,1.01e+00, -5.8900
1800, 4.10e-01,1.01e+00, -10.8740
1800, 4.10e-01,1.01e+00, -16.7440
1800, 4.10e-01,1.01e+00, -18.8950
1800, 4.10e-01,1.01e+00, -22.0850
1800, 4.10e-01,1.01e+00, -24.3720
1800, 4.10e-01,1.01e+00, -27.6520
1800, 4.10e-01,1.01e+00, -34.3680
1800, 4.10e-01,1.01e+00, -36.7840
1800, 4.10e-01,1.01e+00, -62.3090
1900, 7.91e+00,1.03e+01, -5.7880
1900, 7.91e+00,1.03e+01, -10.4600
1900, 7.91e+00,1.03e+01, -16.2120
1900, 7.91e+00,1.03e+01, -19.0590
1900, 7.91e+00,1.03e+01, -22.5210
1900, 7.91e+00,1.03e+01, -24.5070
1900, 7.91e+00,1.03e+01, -27.7460
1900, 7.91e+00,1.03e+01, -34.7110
1900, 7.91e+00,1.03e+01, -36.9110
1900, 7.91e+00,1.03e+01, -61.4960
2000, 1.30e+00,1.54e+00, -5.7520
2000, 1.30e+00,1.54e+00, -10.4950
2000, 1.30e+00,1.54e+00, -16.2690
2000, 1.30e+00,1.54e+00, -19.3930
2000, 1.30e+00,1.54e+00, -22.4570
2000, 1.30e+00,1.54e+00, -24.0800
2000, 1.30e+00,1.54e+00, -27.5180
2000, 1.30e+00,1.54e+00, -34.0430
2000, 1.30e+00,1.54e+00, -36.5670
2000, 1.30e+00,1.54e+00, -61.8740
2100, 4.83e+00,4.05e+00, -5.7250
2100, 4.83e+00,4.05e+00, -10.4320
2100, 4.83e+00,4.05e+00, -16.2810
2100, 4.83e+00,4.05e+00, -18.7640
2100, 4.83e+00,4.05e+00, -21.9140
2100, 4.83e+00,4.05e+00, -24.3590
2100, 4.83e+00,4.05e+00, -27.5840
2100, 4.83e+00,4.05e+00, -34.0230
2100, 4.83e+00,4.05e+00, -36.8070
2100, 4.83e+00,4.05e+00, -62.0460
2200, -4.22e+00,5.15e+00, -5.7060
2200, -4.22e+00,5.15e+00, -10.1370
2200, -4.22e+00,5.15e+00, -16.2860
2200, -4.22e+00,5.15e+00, -18.2640
2200, -4.22e+00,5.15e+00, -22.5280
2200, -4.22e+00,5.15e+00, -24.2480
2200, -4.22e+00,5.15e+00, -26.8700
2200, -4.22e+00,5.15e+00, -34.1650
2200, -4.22e+00,5.15e+00, -36.4870
2200, -4.22e+00,5.15e+00, -60.9840
2300, -1.35e+01,4.61e+01, -5.7130
2300, -1.35e+01,4.61e+01, -10.5960
2300, -1.35e+01,4.61e+01, -16.3960
2300, -1.35e+01,4.61e+01, -18.5630
2300, -1.35e+01,4.61e+01, -21.2960
2300, -1.35e+01,4.61e+01, -24.6540
2300, -1.35e+01,4.61e+01, -26.8040
2300, -1.35e+01,4.61e+01, -34.3890
2300, -1.35e+01,4.61e+01, -36.3240
2300, -1.35e+01,4.61e+01, -61.4960
2400, -2.51e+00,2.92e+00, -5.5730
2400, -2.51e+00,2.92e+00, -10.7640
2400, -2.51e+00,2.92e+00, -16.0590
2400, -2.51e+00,2.92e+00, -18.5600
2400, -2.51e+00,2.92e+00, -21.5040
2400, -2.51e+00,2.92e+00, -24.1610
2400, -2.51e+00,2.92e+00, -26.8690
2400, -2.51e+00,2.92e+00, -34.2480
2400, -2.51e+00,2.92e+00, -35.9530
2400, -2.51e+00,2.92e+00, -61.4870
2500, -6.85e-01,4.72e-01, -5.7600
2500, -6.85e-01,4.72e-01, -10.5020
2500, -6.85e-01,4.72e-01, -16.2780
2500, -6.85e-01,4.72e-01, -18.8780
2500, -6.85e-01,4.72e-01, -22.2890
2500, -6.85e-01,4.72e-01, -24.0820
2500, -6.85e-01,4.72e-01, -26.5700
2500, -6.85e-01,4.72e-01, -34.3270
2500, -6.85e-01,4.72e-01, -36.3070
2500, -6.85e-01,4.72e-01, -60.9520
2600, 7.89e-01,1.90e+00, -5.8380
2600, 7.89e-01,1.90e+00, -10.4440
2600, 7.89e-01,1.90e+00, -16.3460
2600, 7.89e-01,1.90e+00, -18.3460
2600, 7.89e-01,1.90e+00, -21.9690
2600, 7.89e-01,1.90e+00, -24.0890
2600, 7.89e-01,1.90e+00, -26.5650
2600, 7.89e-01,1.90e+00, -33.9980
2600, 7.89e-01,1.90e+00, -36.1710
2600, 7.89e-01,1.90e+00, -61.5350
2700, -3.95e-01,1.14e+00, -5.6710
2700, -3.95e-01,1.14e+00, -10.1820
2700, -3.95e-01,1.14e+00, -16.1150
2700, -3.95e-01,1.14e+00, -18.8360
2700, -3.95e-01,1.14e+00, -21.3480
2700, -3.95e-01,1.14e+00, -23.8710
2700, -3.95e-01,1.14e+00, -26.7470
2700, -3.95e-01,1.14e+00, -34.1280
2700, -3.95e-01,1.14e+00, -35.7230
2700, -3.95e-01,1.14e+00, -61.5380
2800, 8.88e+00,1.87e+01, -5.5100
2800, 8.88e+00,1.87e+01, -10.3970
2800, 8.88e+00,1.87e+01, -15.7650
2800, 8.88e+00,1.87e+01, -18.5320
2800, 8.88e+00,1.87e+01, -22.0310
2800, 8.88e+00,1.87e+01, -24.5260
2800, 8.88e+00,1.87e+01, -26.4640
2800, 8.88e+00,1.87e+01, -34.0360
2800, 8.88e+00,1.87e+01, -35.4570
2800, 8.88e+00,1.87e+01, -60.9890
2900, -9.62e+00,1.71e+01, -5.6410
2900, -9.62e+00,1.71e+01, -10.4750
2900, -9.62e+00,1.71e+01, -15.7900
2900, -9.62e+00,1.71e+01, -18.7830
2900, -9.62e+00,1.71e+01, -21.9580
2900, -9.62e+00,1.71e+01, -24.3790
2900, -9.62e+00,1.71e+01, -27.1170
2900, -9.62e+00,1.71e+01, -34.1090
2900, -9.62e+00,1.71e+01, -35.9940
2900, -9.62e+00,1.71e+01, -61.1830
3000, 2.54e+00,5.45e+00, -5.5700
3000, 2.54e+00,5.45e+00, -10.3880
3000, 2.54e+00,5.45e+00, -16.1530
3000, 2.54e+00,5.45e+00, -18.3700
3000, 2.54e+00,5.45e+00, -21.6720
3000, 2.54e+00,5.45e+00, -23.6960
3000, 2.54e+00,5.45e+00, -26.3530
3000, 2.54e+00,5.45e+00, -33.4800
3000, 2.54e+00,5.45e+00, -36.1420
3000, 2.54e+00,5.45e+00, -61.4730
3100, -2.04e+00,2.11e+00, -5.3680
3100, -2.04e+00,2.11e+00, -10.3500
3100, -2.04e+00,2.11e+00, -16.1410
3100, -2.04e+00,2.11e+00, -18.4110
3100, -2.04e+00,2.11e+00, -21.1780
3100, -2.04e+00,2.11e+00, -23.8990
3100, -2.04e+00,2.11e+00, -26.6050
3100, -2.04e+00,2.11e+00, -33.7500
3100, -2.04e+00,2.11e+00, -36.1200
3100, -2.04e+00,2.11e+00, -61.1230
3200, -5.99e-01,4.49e-01, -5.2910
3200, -5.99e-01,4.49e-01, -10.1510
3200, -5.99e-01,4.49e-01, -16.3250
3200, -5.99e-01,4.49e-01, -18.7560
3200, -5.99e-01,4.49e-01, -21.0890
3200, -5.99e-01,4.49e-01, -23.6280
3200, -5.99e-01,4.49e-01, -26.9170
3200, -5.99e-01,4.49e-01, -34.5260
3200, -5.99e-01,4.49e-01, -36.3140
3200, -5.99e-01,4.49e-01, -60.9530
3300, 2.27e+00,4.22e+00, -5.4300
3300, 2.27e+00,4.22e+00, -10.1930
3300, 2.27e+00,4.22e+00, -15.9700
3300, 2.27e+00,4.22e+00, -18.3390
3300, 2.27e+00,4.22e+00, -21.7460
3300, 2.27e+00,4.22e+00, -23.8300
3300, 2.27e+00,4.22e+00, -26.1250
3300, 2.27e+00,4.22e+00, -33.8130
3300, 2.27e+00,4.22e+00, -35.7020
3300, 2.27e+00,4.22e+00, -60.8060
3400, -4.66e-01,1.57e+00, -5.4970
3400, -4.66e-01,1.57e+00, -10.2990
3400, -4.66e-01,1.57e+00, -15.9210
3400, -4.66e-01,1.57e+00, -18.3060
3400, -4.66e-01,1.57e+00, -21.6330
3400, -4.66e-01,1.57e+00, -24.2150
3400, -4.66e-01,1.57e+00, -26.5600
3400, -4.66e-01,1.57e+00, -34.1490
3400, -4.66e-01,1.57e+00, -35.8330
3400, -4.66e-01,1.57e+00, -60.5920
3500, 1.87e+00,4.35e+00, -5.5280
3500, 1.87e+00,4.35e+00, -10.2980
3500, 1.87e+00,4.35e+00, -15.7570
3500, 1.87e+00,4.35e+00, -18.3600
3500, 1.87e+00,4.35e+00, -21.3870
3500, 1.87e+00,4.35e+00, -23.7050
3500, 1.87e+00,4.35e+00, -26.7720
3500, 1.87e+00,4.35e+00, -33.8350
3500, 1.87e+00,4.35e+00, -36.1750
3500, 1.87e+00,4.35e+00, -60.8560
3600, 1.55e-01,6.38e-01, -5.4870
3600, 1.55e-01,6.38e-01, -10.0980
3600, 1.55e-01,6.38e-01, -15.8790
3600, 1.55e-01,6.38e-01, -17.9890
3600, 1.55e-01,6.38e-01, -21.2270
3600, 1.55e-01,6.38e-01, -23.6130
3600, 1.55e-01,6.38e-01, -26.4650
3600, 1.55e-01,6.38e-01, -33.8820
3600, 1.55e-01,6.38e-01, -35.9620
3600, 1.55e-01,6.38e-01, -60.9220
3700, -3.34e+00,3.91e+00, -5.3870
3700, -3.34e+00,3.91e+00, -10.2400
3700, -3.34e+00,3.91e+00, -16.3460
3700, -3.34e+00,3.91e+00, -18.3290
3700, -3.34e+00,3.91e+00, -21.7790
3700, -3.34e+00,3.91e+00, -23.5620
3700, -3.34e+00,3.91e+00, -26.1730
3700, -3.34e+00,3.91e+00, -33.6490
3700, -3.34e+00,3.91e+00, -36.3650
3700, -3.34e+00,3.91e+00, -61.2590
3800, -5.56e+00,2.38e+01, -5.5380
3800, -5.56e+00,2.38e+01, -9.8830
3800, -5.56e+00,2.38e+01, -15.9730
3800, -5.56e+00,2.38e+01, -18.2860
3800, -5.56e+00,2.38e+01, -20.9580
3800, -5.56e+00,2.38e+01, -23.4090
3800, -5.56e+00,2.38e+01, -26.4740
3800, -5.56e+00,2.38e+01, -33.5430
3800, -5.56e+00,2.38e+01, -36.1130
3800, -5.56e+00,2.38e+01, -60.7650
3900, 5.25e-01,1.51e+00, -5.4110
3900, 5.25e-01,1.51e+00, -10.0110
3900, 5.25e-01,1.51e+00, -16.0480
3900, 5.25e-01,1.51e+00, -17.9040
3900, 5.25e-01,1.51e+00, -21.1180
3900, 5.25e-01,1.51e+00, -23.6510
3900, 5.25e-01,1.51e+00, -26.2090
3900, 5.25e-01,1.51e+00, -33.5390
3900, 5.25e-01,1.51e+00, -35.4010
3900, 5.25e-01,1.51e+00, -61.1280
4000, -8.47e+00,2.66e+01, -5.2800
4000, -8.47e+00,2.66e+01, -10.4090
4000, -8.47e+00,2.66e+01, -15.9780
4000, -8.47e+00,2.66e+01, -18.1690
4000, -8.47e+00,2.66e+01, -21.0080
4000, -8.47e+00,2.66e+01, -23.6420
4000, -8.47e+00,2.66e+01, -26.2430
4000, -8.47e+00,2.66e+01, -33.8670
4000, -8.47e+00,2.66e+01, -35.0850
4000, -8.47e+00,2.66e+01, -60.8620
4100, 1.14e+00,6.15e+00, -5.5360
4100, 1.14e+00,6.15e+00, -10.2770
4100, 1.14e+00,6.15e+00, -15.6960
4100, 1.14e+00,6.15e+00, -18.1450
4100, 1.14e+00,6.15e+00, -21.2150
4100, 1.14e+00,6.15e+00, -23.5660
4100, 1.14e+00,6.15e+00, -26.0640
4100, 1.14e+00,6.15e+00, -33.3650
4100, 1.14e+00,6.15e+00, -35.4350
4100, 1.14e+00,6.15e+00, -60.9420
4200, -7.39e-01,3.22e+00, -5.5050
4200, -7.39e-01,3.22e+00, -9.8390
4200, -7.39e-01,3.22e+00, -15.5960
4200, -7.39e-01,3.22e+00, -18.2110
4200, -7.39e-01,3.22e+00, -21.0640
4200, -7.39e-01,3.22e+00, -23.6480
4200, -7.39e-01,3.22e+00, -26.6240
4200, -7.39e-01,3.22e+00, -33.8350
4200, -7.39e-01,3.22e+00, -35.6910
4200, -7.39e-01,3.22e+00, -60.8910
4300, -3.16e-01,4.95e-01, -5.4750
4300, -3.16e-01,4.95e-01, -10.0130
4300, -3.16e-01,4.95e-01, -15.8570
4300, -3.16e-01,4.95e-01, -18.3000
4300, -3.16e-01,4.95e-01, -21.3390
4300, -3.16e-01,4.95e-01, -23.4860
4300, -3.16e-01,4.95e-01, -25.8680
4300, -3.16e-01,4.95e-01, -33.6760
4300, -3.16e-01,4.95e-01, -35.7090
4300, -3.16e-01,4.95e-01, -60.8020
4400, -7.20e-01,6.81e+00, -5.4630
4400, -7.20e-01,6.81e+00, -10.2820
4400, -7.20e-01,6.81e+00, -15.3520
4400, -7.20e-01,6.81e+00, -17.9570
4400, -7.20e-01,6.81e+00, -20.5700
4400, -7.20e-01,6.81e+00, -23.3070
4400, -7.20e-01,6.81e+00, -26.1530
4400, -7.20e-01,6.81e+00, -33.6120
4400, -7.20e-01,6.81e+00, -35.6330
4400, -7.20e-01,6.81e+00, -60.8110
4500, 4.20e+00,6.91e+00, -5.5380
4500, 4.20e+00,6.91e+00, -10.0790
4500, 4.20e+00,6.91e+00, -15.5370
4500, 4.20e+00,6.91e+00, -18.2010
4500, 4.20e+00,6.91e+00, -21.1120
4500, 4.20e+00,6.91e+00, -23.1650
4500, 4.20e+00,6.91e+00, -26.0080
4500, 4.20e+00,6.91e+00, -33.6550
4500, 4.20e+00,6.91e+00, -35.2170
4500, 4.20e+00,6.91e+00, -60.5600
4600, 2.66e+00,3.23e+00, -5.3260
4600, 2.66e+00,3.23e+00, -10.3300
4600, 2.66e+00,3.23e+00, -15.6840
4600, 2.66e+00,3.23e+00, -18.0340
4600, 2.66e+00,3.23e+00, -20.9970
4600, 2.66e+00,3.23e+00, -23.6960
4600, 2.66e+00,3.23e+00, -26.5520
4600, 2.66e+00,3.23e+00, -33.3110
4600, 2.66e+00,3.23e+00, -35.6450
4600, 2.66e+00,3.23e+00, -61.3210
4700, 1.45e+00,1.95e+00, -5.2270
4700, 1.45e+00,1.95e+00, -9.9370
4700, 1.45e+00,1.95e+00, -15.3760
4700, 1.45e+00,1.95e+00, -18.0300
4700, 1.45e+00,1.95e+00, -21.4500
4700, 1.45e+00,1.95e+00, -23.4360
4700, 1.45e+00,1.95e+00, -26.2720
4700, 1.45e+00,1.95e+00, -33.8380
4700, 1.45e+00,1.95e+00, -35.6300
4700, 1.45e+00,1.95e+00, -60.4050
4800, -6.76e-02,5.17e-01, -5.3660
4800, -6.76e-02,5.17e-01, -9.9050
4800, -6.76e-02,5.17e-01, -15.4770
4800, -6.76e-02,5.17e-01, -17.9320
4800, -6.76e-02,5.17e-01, -21.1200
4800, -6.76e-02,5.17e-01, -23.6480
4800, -6.76e-02,5.17e-01, -25.9390
4800, -6.76e-02,5.17e-01, -33.5360
4800, -6.76e-02,5.17e-01, -35.7560
4800, -6.76e-02,5.17e-01, -60.4060
4900, 2.92e+00,4.78e+00, -5.3120
4900, 2.92e+00,4.78e+00, -10.2880
4900, 2.92e+00,4.78e+00, -15.7630
4900, 2.92e+00,4.78e+00, -17.7930
4900, 2.92e+00,4.78e+00, -20.9140
4900, 2.92e+00,4.78e+00, -23.3880
4900, 2.92e+00,4.78e+00, -26.4480
4900, 2.92e+00,4.78e+00, -33.6250
4900, 2.92e+00,4.78e+00, -35.9320
4900, 2.92e+00,4.78e+00, -60.8030
5000, 1.79e+00,1.59e+00, -5.3890
5000, 1.79e+00,1.59e+00, -9.9570
5000, 1.79e+00,1.59e+00, -15.9390
5000, 1.79e+00,1.59e+00, -18.2830
5000, 1.79e+00,1.59e+00, -20.8760
5000, 1.79e+00,1.59e+00, -23.7920
5000, 1.79e+00,1.59e+00, -26.1650
5000, 1.79e+00,1.59e+00, -33.3860
5000, 1.79e+00,1.59e+00, -35.6350
5000, 1.79e+00,1.59e+00, -60.3400
5100, -3.77e+00,2.30e+01, -5.3260
5100, -3.77e+00,2.30e+01, -9.8640
5100, -3.77e+00,2.30e+01, -16.0070
5100, -3.77e+00,2.30e+01, -17.9120
5100, -3.77e+00,2.30e+01, -21.7830
5100, -3.77e+00,2.30e+01, -23.2830
5100, -3.77e+00,2.30e+01, -26.0380
5100, -3.77e+00,2.30e+01, -33.8390
5100, -3.77e+00,2.30e+01, -35.1960
5100, -3.77e+00,2.30e+01, -60.8360
5200, -1.62e+01,4.83e+01, -5.2630
5200, -1.62e+01,4.83e+01, -10.1500
5200, -1.62e+01,4.83e+01, -15.8830
5200, -1.62e+01,4.83e+01, -17.9130
5200, -1.62e+01,4.83e+01, -21.0780
5200, -1.62e+01,4.83e+01, -23.7000
5200, -1.62e+01,4.83e+01, -26.3120
5200, -1.62e+01,4.83e+01, -33.4590
5200, -1.62e+01,4.83e+01, -35.8310
5200, -1.62e+01,4.83e+01, -60.7460
5300, 4.04e+00,4.48e+00, -5.5240
5300, 4.04e+00,4.48e+00, -9.8670
5300, 4.04e+00,4.48e+00, -15.3460
5300, 4.04e+00,4.48e+00, -18.3500
5300, 4.04e+00,4.48e+00, -21.2670
5300, 4.04e+00,4.48e+00, -23.4230
5300, 4.04e+00,4.48e+00, -26.5450
5300, 4.04e+00,4.48e+00, -33.4250
5300, 4.04e+00,4.48e+00, -35.4510
5300, 4.04e+00,4.48e+00, -60.9310
5400, 2.85e-01,1.05e+00, -5.3740
5400, 2.85e-01,1.05e+00, -10.2040
5400, 2.85e-01,1.05e+00, -15.1520
5400, 2.85e-01,1.05e+00, -18.0920
5400, 2.85e-01,1.05e+00, -20.7040
5400, 2.85e-01,1.05e+00, -23.7080
5400, 2.85e-01,1.05e+00, -25.7930
5400, 2.85e-01,1.05e+00, -33.5070
5400, 2.85e-01,1.05e+00, -35.2550
5400, 2.85e-01,1.05e+00, -60.4040
5500, 8.31e-01,1.46e+00, -5.2190
5500, 8.31e-01,1.46e+00, -10.2510
5500, 8.31e-01,1.46e+00, -16.0650
5500, 8.31e-01,1.46e+00, -17.7810
5500, 8.31e-01,1.46e+00, -21.4590
5500, 8.31e-01,1.46e+00, -23.5630
5500, 8.31e-01,1.46e+00, -26.2250
5500, 8.31e-01,1.46e+00, -33.7160
5500, 8.31e-01,1.46e+00, -35.0460
5500, 8.31e-01,1.46e+00, -60.9760
5600, 4.75e+00,1.19e+01, -5.4320
5600, 4.75e+00,1.19e+01, -10.0740
5600, 4.75e+00,1.19e+01, -15.6280
5600, 4.75e+00,1.19e+01, -17.9850
5600, 4.75e+00,1.19e+01, -20.9750
5600, 4.75e+00,1.19e+01, -23.8150
5600, 4.75e+00,1.19e+01, -25.7660
5600, 4.75e+00,1.19e+01, -33.3310
5600, 4.75e+00,1.19e+01, -35.7520
5600, 4.75e+00,1.19e+01, -60.7140
5700, 2.18e+00,2.51e+00, -5.3600
5700, 2.18e+00,2.51e+00, -9.9630
5700, 2.18e+00,2.51e+00, -15.6190
5700, 2.18e+00,2.51e+00, -18.1040
5700, 2.18e+00,2.51e+00, -20.7430
5700, 2.18e+00,2.51e+00, -23.7050
5700, 2.18e+00,2.51e+00, -26.2860
5700, 2.18e+00,2.51e+00, -33.7580
5700, 2.18e+00,2.51e+00, -35.6050
5700, 2.18e+00,2.51e+00, -60.7660
5800, 1.50e+00,5.23e+00, -5.4690
5800, 1.50e+00,5.23e+00, -10.0140
5800, 1.50e+00,5.23e+00, -15.1340
5800, 1.50e+00,5.23e+00, -17.7770
5800, 1.50e+00,5.23e+00, -21.0980
5800, 1.50e+00,5.23e+00, -23.4060
5800, 1.50e+00,5.23e+00, -25.9040
5800, 1.50e+00,5.23e+00, -33.8560
5800, 1.50e+00,5.23e+00, -35.6130
5800, 1.50e+00,5.23e+00, -60.3290
5900, 1.42e+00,2.99e+00, -5.4240
5900, 1.42e+00,2.99e+00, -9.9720
5900, 1.42e+00,2.99e+00, -15.4770
5900, 1.42e+00,2.99e+00, -17.7690
5900, 1.42e+00,2.99e+00, -20.9300
5900, 1.42e+00,2.99e+00, -23.3020
5900, 1.42e+00,2.99e+00, -26.2890
5900, 1.42e+00,2.99e+00, -33.8270
5900, 1.42e+00,2.99e+00, -35.7720
5900, 1.42e+00,2.99e+00, -60.8480
6000, 5.89e+00,1.18e+01, -5.3110
6000, 5.89e+00,1.18e+01, -9.9550
6000, 5.89e+00,1.18e+01, -15.1770
6000, 5.89e+00,1.18e+01, -17.9320
6000, 5.89e+00,1.18e+01, -20.8870
6000, 5.89e+00,1.18e+01, -23.4920
6000, 5.89e+00,1.18e+01, -26.3340
6000, 5.89e+00,1.18e+01, -33.6460
6000, 5.89e+00,1.18e+01, -35.3890
6000, 5.89e+00,1.18e+01, -60.9750
6100, 1.85e+00,3.08e+00, -5.3340
6100, 1.85e+00,3.08e+00, -9.7730
6100, 1.85e+00,3.08e+00, -15.6460
6100, 1.85e+00,3.08e+00, -18.1180
6100, 1.85e+00,3.08e+00, -20.9740
6100, 1.85e+00,3.08e+00, -23.2930
6100, 1.85e+00,3.08e+00, -26.2460
6100, 1.85e+00,3.08e+00, -34.1200
6100, 1.85e+00,3.08e+00, -35.3550
6100, 1.85e+00,3.08e+00, -60.9020
6200, -3.62e+00,5.60e+00, -5.5960
6200, -3.62e+00,5.60e+00, -9.9580
6200, -3.62e+00,5.60e+00, -15.6610
6200, -3.62e+00,5.60e+00, -17.9490
6200, -3.62e+00,5.60e+00, -21.1320
6200, -3.62e+00,5.60e+00, -23.5830
6200, -3.62e+00,5.60e+00, -26.2190
6200, -3.62e+00,5.60e+00, -33.9570
6200, -3.62e+00,5.60e+00, -35.8360
6200, -3.62e+00,5.60e+00, -60.6920
6300, 7.07e-02,3.37e-01, -5.6020
6300, 7.07e-02,3.37e-01, -10.0550
6300, 7.07e-02,3.37e-01, -15.8790
6300, 7.07e-02,3.37e-01, -18.1270
6300, 7.07e-02,3.37e-01, -21.7650
6300, 7.07e-02,3.37e-01, -23.4510
6300, 7.07e-02,3.37e-01, -26.1720
6300, 7.07e-02,3.37e-01, -33.8220
6300, 7.07e-02,3.37e-01, -35.5820
6300, 7.07e-02,3.37e-01, -61.1310
6400, 2.34e+00,4.86e+00, -5.2490
6400, 2.34e+00,4.86e+00, -9.9330
6400, 2.34e+00,4.86e+00, -15.6320
6400, 2.34e+00,4.86e+00, -18.2800
6400, 2.34e+00,4.86e+00, -21.4680
6400, 2.34e+00,4.86e+00, -23.7870
6400, 2.34e+00,4.86e+00, -26.8000
6400, 2.34e+00,4.86e+00, -33.7420
6400, 2.34e+00,4.86e+00, -35.1950
6400, 2.34e+00,4.86e+00, -60.2150
6500, -8.18e-01,2.87e+00, -5.2540
6500, -8.18e-01,2.87e+00, -10.1850
6500, -8.18e-01,2.87e+00, -15.4840
6500, -8.18e-01,2.87e+00, -18.4990
6500, -8.18e-01,2.87e+00, -21.0850
6500, -8.18e-01,2.87e+00, -23.5760
6500, -8.18e-01,2.87e+00, -26.0970
6500, -8.18e-01,2.87e+00, -33.5300
6500, -8.18e-01,2.87e+00, -35.9450
6500, -8.18e-01,2.87e+00, -60.1710
6600, 1.29e+00,1.75e+00, -5.3410
6600, 1.29e+00,1.75e+00, -10.0220
6600, 1.29e+00,1.75e+00, -15.4650
6600, 1.29e+00,1.75e+00, -17.9770
6600, 1.29e+00,1.75e+00, -21.0110
6600, 1.29e+00,1.75e+00, -23.4580
6600, 1.29e+00,1.75e+00, -25.9430
6600, 1.29e+00,1.75e+00, -33.6640
6600, 1.29e+00,1.75e+00, -35.0150
6600, 1.29e+00,1.75e+00, -61.0520
6700, 3.97e-02,1.56e+00, -5.1070
6700, 3.97e-02,1.56e+00, -9.9800
6700, 3.97e-02,1.56e+00, -15.4800
6700, 3.97e-02,1.56e+00, -18.3070
6700, 3.97e-02,1.56e+00, -20.9650
6700, 3.97e-02,1.56e+00, -23.2860
6700, 3.97e-02,1.56e+00, -26.2370
6700, 3.97e-02,1.56e+00, -33.4000
6700, 3.97e-02,1.56e+00, -35.5430
6700, 3.97e-02,1.56e+00, -61.0420
6800, 6.42e-01,2.35e+00, -5.4350
6800, 6.42e-01,2.35e+00, -10.2140
6800, 6.42e-01,2.35e+00, -15.6440
6800, 6.42e-01,2.35e+00, -18.2890
6800, 6.42e-01,2.35e+00, -21.3930
6800, 6.42e-01,2.35e+00, -23.1120
6800, 6.42e-01,2.35e+00, -26.1240
6800, 6.42e-01,2.35e+00, -33.7440
6800, 6.42e-01,2.35e+00, -35.6060
6800, 6.42e-01,2.35e+00, -60.6200
6900, 2.18e+00,4.58e+00, -5.2460
6900, 2.18e+00,4.58e+00, -9.9370
6900, 2.18e+00,4.58e+00, -15.3420
6900, 2.18e+00,4.58e+00, -17.8680
6900, 2.18e+00,4.58e+00, -21.2890
6900, 2.18e+00,4.58e+00, -22.9570
6900, 2.18e+00,4.58e+00, -25.9860
6900, 2.18e+00,4.58e+00, -33.3810
6900, 2.18e+00,4.58e+00, -35.3110
6900, 2.18e+00,4.58e+00, -60.8650
7000, -3.44e-01,5.26e-01, -5.2320
7000, -3.44e-01,5.26e-01, -10.0280
7000, -3.44e-01,5.26e-01, -15.6290
7000, -3.44e-01,5.26e-01, -17.8760
7000, -3.44e-01,5.26e-01, -20.7270
7000, -3.44e-01,5.26e-01, -23.3820
7000, -3.44e-01,5.26e-01, -25.9510
7000, -3.44e-01,5.26e-01, -33.9160
7000, -3.44e-01,5.26e-01, -35.2790
7000, -3.44e-01,5.26e-01, -60.4530
7100, 3.57e-01,1.76e+00, -5.3880
7100, 3.57e-01,1.76e+00, -10.0710
7100, 3.57e-01,1.76e+00, -15.3550
7100, 3.57e-01,1.76e+00, -18.0100
7100, 3.57e-01,1.76e+00, -20.8350
7100, 3.57e-01,1.76e+00, -23.2730
7100, 3.57e-01,1.76e+00, -25.7350
7100, 3.57e-01,1.76e+00, -33.5580
7100, 3.57e-01,1.76e+00, -35.6630
7100, 3.57e-01,1.76e+00, -60.4310
7200, -1.91e+00,3.17e+00, -5.3870
7200, -1.91e+00,3.17e+00, -9.7210
7200, -1.91e+00,3.17e+00, -15.3120
7200, -1.91e+00,3.17e+00, -18.1740
7200, -1.91e+00,3.17e+00, -21.2240
7200, -1.91e+00,3.17e+00, -23.4510
7200, -1.91e+00,3.17e+00, -26.1170
7200, -1.91e+00,3.17e+00, -33.6740
7200, -1.91e+00,3.17e+00, -35.2740
7200, -1.91e+00,3.17e+00, -60.3510
7300, 2.18e+00,2.51e+00, -5.5560
7300, 2.18e+00,2.51e+00, -9.9610
7300, 2.18e+00,2.51e+00, -15.4300
7300, 2.18e+00,2.51e+00, -17.9550
7300, 2.18e+00,2.51e+00, -21.1780
7300, 2.18e+00,2.51e+00, -23.1670
7300, 2.18e+00,2.51e+00, -25.9790
7300, 2.18e+00,2.51e+00, -33.8950
7300, 2.18e+00,2.51e+00, -35.7770
7300, 2.18e+00,2.51e+00, -60.3430
7400, 1.00e+00,1.49e+00, -5.1940
7400, 1.00e+00,1.49e+00, -9.6500
7400, 1.00e+00,1.49e+00, -15.3000
7400, 1.00e+00,1.49e+00, -17.8310
7400, 1.00e+00,1.49e+00, -21.3170
7400, 1.00e+00,1.49e+00, -23.1710
7400, 1.00e+00,1.49e+00, -25.6980
7400, 1.00e+00,1.49e+00, -33.5620
7400, 1.00e+00,1.49e+00, -35.5060
7400, 1.00e+00,1.49e+00, -60.6100
7500, 1.66e+00,3.16e+00, -5.3290
7500, 1.66e+00,3.16e+00, -9.7780
7500, 1.66e+00,3.16e+00, -15.4320
7500, 1.66e+00,3.16e+00, -18.0000
7500, 1.66e+00,3.16e+00, -21.1000
7500, 1.66e+00,3.16e+00, -23.1030
7500, 1.66e+00,3.16e+00, -26.2230
7500, 1.66e+00,3.16e+00, -33.7940
7500, 1.66e+00,3.16e+00, -35.1680
7500, 1.66e+00,3.16e+00, -60.5030
7600, -1.04e+00,3.92e+00, -5.3530
7600, -1.04e+00,3.92e+00, -9.9340
7600, -1.04e+00,3.92e+00, -15.5440
7600, -1.04e+00,3.92e+00, -17.9770
7600, -1.04e+00,3.92e+00, -21.1530
7600, -1.04e+00,3.92e+00, -23.2270
7600, -1.04e+00,3.92e+00, -25.8460
7600, -1.04e+00,3.92e+00, -33.5030
7600, -1.04e+00,3.92e+00, -35.2430
7600, -1.04e+00,3.92e+00, -60.3930
7700, 3.95e-01,6.95e-01, -5.2500
7700, 3.95e-01,6.95e-01, -9.9440
7700, 3.95e-01,6.95e-01, -15.2700
7700, 3.95e-01,6.95e-01, -17.3620
7700, 3.95e-01,6.95e-01, -21.1930
7700, 3.95e-01,6.95e-01, -23.4100
7700, 3.95e-01,6.95e-01, -26.0490
7700, 3.95e-01,6.95e-01, -33.5040
7700, 3.95e-01,6.95e-01, -35.2360
7700, 3.95e-01,6.95e-01, -60.7140
7800, 2.09e+00,4.67e+00, -5.3050
7800, 2.09e+00,4.67e+00, -10.0820
7800, 2.09e+00,4.67e+00, -15.0360
7800, 2.09e+00,4.67e+00, -17.8370
7800, 2.09e+00,4.67e+00, -20.8630
7800, 2.09e+00,4.67e+00, -23.4910
7800, 2.09e+00,4.67e+00, -26.2700
7800, 2.09e+00,4.67e+00, -33.6820
7800, 2.09e+00,4.67e+00, -34.9540
7800, 2.09e+00,4.67e+00, -60.5870
7900, -2.09e+00,3.81e+00, -5.2520
7900, -2.09e+00,3.81e+00, -9.6420
7900, -2.09e+00,3.81e+00, -15.2820
7900, -2.09e+00,3.81e+00, -17.6150
7900, -2.09e+00,3.81e+00, -21.0370
7900, -2.09e+00,3.81e+00, -23.3770
7900, -2.09e+00,3.81e+00, -25.7290
7900, -2.09e+00,3.81e+00, -33.4970
7900, -2.09e+00,3.81e+00, -35.3200
7900, -2.09e+00,3.81e+00, -60.2630
8000, -3.98e-01,1.77e+00, -5.2910
8000, -3.98e-01,1.77e+00, -10.1150
8000, -3.98e-01,1.77e+00, -15.0640
8000, -3.98e-01,1.77e+00, -17.8700
8000, -3.98e-01,1.77e+00, -20.9400
8000, -3.98e-01,1.77e+00, -23.3500
8000, -3.98e-01,1.77e+00, -25.9950
8000, -3.98e-01,1.77e+00, -33.4710
8000, -3.98e-01,1.77e+00, -35.3260
8000, -3.98e-01,1.77e+00, -60.7440
8100, -2.58e+00,1.20e+01, -5.1880
8100, -2.58e+00,1.20e+01, -9.5920
8100, -2.58e+00,1.20e+01, -15.1440
8100, -2.58e+00,1.20e+01, -17.6990
8100, -2.58e+00,1.20e+01, -21.0750
8100, -2.58e+00,1.20e+01, -22.7880
8100, -2.58e+00,1.20e+01, -26.0580
8100, -2.58e+00,1.20e+01, -33.3960
8100, -2.58e+00,1.20e+01, -35.2830
8100, -2.58e+00,1.20e+01, -59.7840
8200, -3.18e-01,1.21e+00, -5.2520
8200, -3.18e-01,1.21e+00, -10.0440
8200, -3.18e-01,1.21e+00, -15.2770
8200, -3.18e-01,1.21e+00, -17.9260
8200, -3.18e-01,1.21e+00, -21.0910
8200, -3.18e-01,1.21e+00, -23.4270
8200, -3.18e-01,1.21e+00, -25.8880
8200, -3.18e-01,1.21e+00, -33.4130
8200, -3.18e-01,1.21e+00, -34.9520
8200, -3.18e-01,1.21e+00, -60.4560
8300, -3.56e+00,5.26e+00, -5.2470
8300, -3.56e+00,5.26e+00, -10.0240
8300, -3.56e+00,5.26e+00, -15.4500
8300, -3.56e+00,5.26e+00, -17.9230
8300, -3.56e+00,5.26e+00, -20.6480
8300, -3.56e+00,5.26e+00, -23.4970
8300, -3.56e+00,5.26e+00, -25.4740
8300, -3.56e+00,5.26e+00, -33.5710
8300, -3.56e+00,5.26e+00, -35.4230
8300, -3.56e+00,5.26e+00, -60.4460
8400, 3.49e+00,6.29e+00, -5.2450
8400, 3.49e+00,6.29e+00, -9.8820
8400, 3.49e+00,6.29e+00, -15.5870
8400, 3.49e+00,6.29e+00, -17.7610
8400, 3.49e+00,6.29e+00, -20.5580
8400, 3.49e+00,6.29e+00, -23.1400
8400, 3.49e+00,6.29e+00, -25.8730
8400, 3.49e+00,6.29e+00, -33.7830
8400, 3.49e+00,6.29e+00, -35.1830
8400, 3.49e+00,6.29e+00, -60.3830
8500, -3.51e-01,1.53e+00, -5.3600
8500, -3.51e-01,1.53e+00, -10.2370
8500, -3.51e-01,1.53e+00, -15.3200
8500, -3.51e-01,1.53e+00, -17.6460
8500, -3.51e-01,1.53e+00, -21.1470
8500, -3.51e-01,1.53e+00, -23.0300
8500, -3.51e-01,1.53e+00, -26.0140
8500, -3.51e-01,1.53e+00, -33.2780
8500, -3.51e-01,1.53e+00, -34.8690
8500, -3.51e-01,1.53e+00, -60.6270
8600, -4.25e-01,4.36e-01, -5.2660
8600, -4.25e-01,4.36e-01, -9.8470
8600, -4.25e-01,4.36e-01, -15.4960
8600, -4.25e-01,4.36e-01, -17.7800
8600, -4.25e-01,4.36e-01, -21.0050
8600, -4.25e-01,4.36e-01, -23.1710
8600, -4.25e-01,4.36e-01, -25.9110
8600, -4.25e-01,4.36e-01, -33.4610
8600, -4.25e-01,4.36e-01, -34.9630
8600, -4.25e-01,4.36e-01, -60.5700
8700, 1.48e+00,1.84e+00, -5.2930
8700, 1.48e+00,1.84e+00, -9.8170
8700, 1.48e+00,1.84e+00, -15.2630
8700, 1.48e+00,1.84e+00, -17.6570
8700, 1.48e+00,1.84e+00, -20.8820
8700, 1.48e+00,1.84e+00, -22.9840
8700, 1.48e+00,1.84e+00, -25.2620
8700, 1.48e+00,1.84e+00, -33.2240
8700, 1.48e+00,1.84e+00, -35.1270
8700, 1.48e+00,1.84e+00, -60.0870
8800, 2.61e+00,9.86e+00, -5.4550
8800, 2.61e+00,9.86e+00, -9.9340
8800, 2.61e+00,9.86e+00, -15.4230
8800, 2.61e+00,9.86e+00, -17.6580
8800, 2.61e+00,9.86e+00, -20.7750
8800, 2.61e+00,9.86e+00, -23.2640
8800, 2.61e+00,9.86e+00, -25.8000
8800, 2.61e+00,9.86e+00, -33.5120
8800, 2.61e+00,9.86e+00, -35.0990
8800, 2.61e+00,9.86e+00, -60.1840
